relative_keyword,total_search,total_store_count,competitive_rate,avg_price,avg_sale
제모제,1250.0,50115.0,40.09,15649,4367054.0
유아세탁세제,1410.0,50365.0,35.72,19351,4794678.0
기저귀휴지통,3200.0,50428.0,15.76,32578,8578237.0
카테킨,12470.0,50519.0,4.05,27531,5662298.0
파우더통,1500.0,50724.0,33.82,8217,565176.0
코인티슈,2550.0,50847.0,19.94,14845,3373868.0
업소용냉온풍기,420.0,51068.0,121.59,1080058,4459182.0
혈당계,2520.0,51190.0,20.31,45070,6227983.0
시서스,53100.0,51422.0,0.97,59928,5225997.0
휘핑크림,13200.0,51890.0,3.93,6612,1021985.0
동치미,23860.0,51919.0,2.18,19032,459942.0
임산부보호대,90.0,52177.0,579.74,9084,876821.0
볼링의류,190.0,52414.0,275.86,38337,136370.0
속눈썹영양제,46050.0,52519.0,1.14,26876,4346754.0
황도,16550.0,52793.0,3.19,5077,779729.0
필오프팩,4610.0,52938.0,11.48,19605,10655327.0
유아비누,600.0,53011.0,88.35,10571,162985.0
천연감미료,580.0,53105.0,91.56,8686,746027.0
샤워코롱,5330.0,53229.0,9.99,9317,253611.0
혈당측정지,420.0,53645.0,127.73,18454,2374352.0
백신,14500.0,53897.0,3.72,25690,178031.0
배구네트,920.0,54038.0,58.74,155269,4367054.0
발싸개,1160.0,54517.0,47.0,6638,4794678.0
체온계,32460.0,54594.0,1.68,45703,8578237.0
전기매트커버,900.0,54713.0,60.79,25132,5662298.0
포도씨유,28300.0,54961.0,1.94,17097,565176.0
파벽돌,6300.0,55520.0,8.81,20321,3373868.0
임산부바디필로우,10660.0,55863.0,5.24,53294,4459182.0
수유쿠션,24470.0,55874.0,2.28,52703,4367054.0
곤,10110.0,56442.0,5.58,22783,4794678.0
발사믹드레싱,6080.0,57143.0,9.4,8330,8578237.0
헤어젤,3780.0,57829.0,15.3,6604,5662298.0
아기띠,31140.0,57849.0,1.86,114675,565176.0
유아오일,240.0,58049.0,241.87,18602,3373868.0
선스프레이,2990.0,58238.0,19.48,15030,4459182.0
국어,13250.0,58389.0,4.41,12610,6227983.0
기저귀정리함,2550.0,58847.0,23.08,28733,5225997.0
비즈발,1400.0,59106.0,42.22,42254,1021985.0
장조림,24720.0,59299.0,2.4,11186,4367054.0
문예,1460.0,59345.0,40.65,32432,4794678.0
치석제거기,12310.0,59356.0,4.82,15427,8578237.0
음식물처리기,134500.0,59651.0,0.44,505439,5662298.0
야구보호대,380.0,59764.0,157.27,40310,565176.0
레몬밤,11880.0,60010.0,5.05,13553,3373868.0
테마여행,1530.0,60315.0,39.42,19729,4459182.0
시간관리,1200.0,60656.0,50.55,6260,6227983.0
승마운동기,70.0,60691.0,867.01,648221,5225997.0
SKT,145200.0,60815.0,0.42,478657,1021985.0
개발툴,150.0,60947.0,406.31,81882,459942.0
통장지갑,2840.0,61120.0,21.52,7130,876821.0
좌욕기,27820.0,61237.0,2.2,53307,136370.0
선파우더,520.0,61537.0,118.34,15882,4346754.0
거꾸리,7200.0,62025.0,8.61,210064,779729.0
케틀벨,21770.0,62235.0,2.86,23436,10655327.0
청진기,10190.0,62558.0,6.14,37659,162985.0
국내분유,370.0,62815.0,169.77,25611,746027.0
함박,2330.0,63110.0,27.09,14395,253611.0
어린이영어,1150.0,63595.0,55.3,43416,2374352.0
머스타드소스,4450.0,64151.0,14.42,6852,178031.0
욕창방지용품,50.0,64351.0,1287.02,47176,4367054.0
죽제조기,1830.0,64610.0,35.31,87822,4794678.0
클렌징로션,2990.0,65521.0,21.91,28223,8578237.0
얼룩제거제,11410.0,65642.0,5.75,9448,5662298.0
하이패스,263400.0,66271.0,0.25,52654,565176.0
의류관리기,3950.0,66362.0,16.8,1066120,3373868.0
미트볼,7120.0,66615.0,9.36,7107,4459182.0
게살,3670.0,66710.0,18.18,8082,6227983.0
DVD장,430.0,66775.0,155.29,55765,5225997.0
립앤아이리무버,4130.0,67463.0,16.33,8327,1021985.0
바베큐소스,4300.0,67541.0,15.71,13525,459942.0
전병,15310.0,67788.0,4.43,9897,876821.0
톤업크림,28440.0,68182.0,2.4,17263,136370.0
메주,6720.0,68497.0,10.19,16832,4346754.0
커피자판기,6460.0,69305.0,10.73,1734018,779729.0
볼링가방,3580.0,69474.0,19.41,98257,10655327.0
딤섬,29130.0,70112.0,2.41,10411,162985.0
혀클리너,17070.0,70482.0,4.13,7852,746027.0
스쿼시라켓,7350.0,71052.0,9.67,143789,253611.0
금연용품,150.0,71205.0,474.7,17357,2374352.0
부츠키퍼,260.0,71486.0,274.95,3958,178031.0
작전판,250.0,72560.0,290.24,32633,1680994.0
쌈장,12110.0,72661.0,6.0,12681,16455862.0
쿠션안마기,480.0,73224.0,152.55,31314,491858.0
발냄새제거제,7740.0,73665.0,9.52,10673,481153.0
유아목욕가운,550.0,74154.0,134.83,23998,167454.0
에어커튼,9640.0,74233.0,7.7,240980,1118906.0
석션기,3190.0,74326.0,23.3,152531,7867671.0
손소독기,580.0,74383.0,128.25,64297,46632.0
판화용품,30.0,74427.0,2480.9,13666,459824.0
수산가공식품,50.0,74569.0,1491.38,18981,428273.0
키재기,3690.0,74882.0,20.29,12100,1072396.0
번역,1015900.0,75125.0,0.07,184503,332701.0
요이불세트,850.0,75581.0,88.92,81933,509034.0
세탁솔,260.0,75972.0,292.2,2405,249524.0
골뱅이,34470.0,76047.0,2.21,17755,3945071.0
청국장,49220.0,76205.0,1.55,14037,1398054.0
수유복,7390.0,76229.0,10.32,22667,32167520.0
소설,23720.0,76625.0,3.23,10292,411779.0
유아욕조,1820.0,76708.0,42.15,35357,207185.0
허브식물,700.0,76979.0,109.97,5537,543207.0
의학,3340.0,77810.0,23.3,78476,151505.0
겨자,7610.0,78640.0,10.33,4447,5166.0
어학,3600.0,78721.0,21.87,202974,1370743.0
운영체제,3230.0,78783.0,24.39,145063,8278760.0
족탕기,570.0,78888.0,138.4,47473,2764621.0
콩가루,7350.0,78898.0,10.73,8710,5892094.0
벨트마사지,650.0,79054.0,121.62,168642,707570.0
유아치약,3980.0,79318.0,19.93,8635,1565000.0
업소용자외선소독기,150.0,79749.0,531.66,1410210,8297603.0
콘센트안전커버,1720.0,80184.0,46.62,1635,12139223.0
볼링화,10230.0,80248.0,7.84,116510,2988682.0
실커튼,1610.0,81130.0,50.39,22302,657515.0
카팩,2040.0,81183.0,39.8,27819,4367054.0
물엿,7940.0,81388.0,10.25,12399,4794678.0
네일영양제,2320.0,81427.0,35.1,20088,8578237.0
카놀라유,27400.0,81561.0,2.98,9333,5662298.0
전자책,30400.0,81954.0,2.7,166975,565176.0
파마약,5450.0,81967.0,15.04,7830,3373868.0
제빵믹스,80.0,82132.0,1026.65,11739,4459182.0
속싸개,15350.0,82939.0,5.4,28197,6227983.0
핫소스,9590.0,83289.0,8.68,8504,5225997.0
무선모뎀,170.0,83333.0,490.19,71556,1021985.0
탁구대,7110.0,83739.0,11.78,417539,459942.0
보존화,250.0,83903.0,335.61,15705,876821.0
사회,11590.0,84845.0,7.32,12542,136370.0
액젓,4970.0,85142.0,17.13,13669,4346754.0
클렌징티슈,11420.0,85288.0,7.47,9080,779729.0
립라이너,4810.0,86436.0,17.97,10638,10655327.0
볼링공,19990.0,87029.0,4.35,206203,162985.0
수면팩,3720.0,87457.0,23.51,19922,746027.0
회계,20850.0,87634.0,4.2,22544,253611.0
눈썹정리기,25410.0,87718.0,3.45,22494,2374352.0
경제,26700.0,87731.0,3.29,13136,178031.0
혈압계,28690.0,88629.0,3.09,58387,1680994.0
업소용빙수기,90.0,88855.0,987.28,208927,16455862.0
스코어보드,1270.0,89277.0,70.3,26516,491858.0
농구공가방,2800.0,89652.0,32.02,11946,481153.0
만보계,1120.0,89882.0,80.25,7251,167454.0
USIM,2610.0,90658.0,34.73,3775,1118906.0
핑거보드,4670.0,90734.0,19.43,16775,7867671.0
배드민턴네트,4180.0,91039.0,21.78,32998,46632.0
로잉머신,37340.0,91504.0,2.45,260040,459824.0
영양보충식,70.0,92488.0,1321.26,28653,428273.0
깍두기,25560.0,93067.0,3.64,16522,1072396.0
천문,8850.0,94242.0,10.65,270363,332701.0
조경수,7120.0,94315.0,13.25,19718,509034.0
장기렌터카,4260.0,94926.0,22.28,384124,249524.0
노트북도난방지,400.0,96553.0,241.38,10942,3945071.0
여성청결제,31440.0,98072.0,3.12,19336,1398054.0
족욕,8500.0,98117.0,11.54,12990,32167520.0
유아소파,2210.0,99020.0,44.81,84794,411779.0
빨래판,2790.0,99806.0,35.77,4874,207185.0
딸기잼,11990.0,99911.0,8.33,11982,543207.0
생선그릴,2740.0,100041.0,36.51,121046,151505.0
대나무발,4170.0,101509.0,24.34,26964,5166.0
유아책상,11540.0,101661.0,8.81,102442,1370743.0
스포츠만화,400.0,101818.0,254.54,25262,8278760.0
선스틱,9220.0,102499.0,11.12,11296,2764621.0
넥케이프,1710.0,103179.0,60.34,8898,5892094.0
안마매트,6600.0,103476.0,15.68,229801,707570.0
돌잔치용품,240.0,103635.0,431.81,13467,1565000.0
슬리핑백,3630.0,104185.0,28.7,45598,8297603.0
다이어트차,7530.0,104473.0,13.87,19738,12139223.0
로스트볼,53220.0,104662.0,1.97,13390,2988682.0
모기밴드,3820.0,104666.0,27.4,5973,657515.0
수면조끼,12220.0,104893.0,8.58,19991,2428725.0
환자식,2470.0,104911.0,42.47,27066,5884712.0
필라테스링,3830.0,104927.0,27.4,6370,3304741.0
탁구화,12100.0,105912.0,8.75,85361,507185.0
수련화,380.0,106311.0,279.77,70330,3412517.0
저주파안마기,930.0,106530.0,114.55,38339,5000138.0
마사지크림,4130.0,107293.0,25.98,12529,97324.0
조림,2870.0,107322.0,37.39,10367,896007.0
유아변기,6270.0,107422.0,17.13,21943,319363.0
들기름,30970.0,107955.0,3.49,18665,2561610.0
업소용튀김기,4940.0,108223.0,21.91,525313,163813.0
두피케어기기,100.0,108585.0,1085.85,70882,1798540.0
요구르트제조기,3730.0,109549.0,29.37,31605,2029393.0
클렌징워터,16740.0,109602.0,6.55,13933,225338.0
카세트플레이어,7350.0,109652.0,14.92,66596,956783.0
ODD,23820.0,110385.0,4.63,29511,1818571.0
핸드드라이어,3300.0,110431.0,33.46,394476,431761.0
기타인형,60.0,110976.0,1849.6,19798,3104416.0
볼캐리어,150.0,111279.0,741.86,104723,366666.0
매직기,10460.0,111413.0,10.65,42542,642750.0
유아과자,940.0,112081.0,119.24,10551,1282185.0
이민,10880.0,112465.0,10.34,25509,2741387.0
연습용젓가락,250.0,113009.0,452.04,5679,1833146.0
쉐이빙폼,8990.0,115172.0,12.81,7928,15715656.0
KVM케이블,190.0,115489.0,607.84,29085,1378216.0
생크림,22110.0,115628.0,5.23,6947,1396967.0
이온수기,1660.0,115688.0,69.69,64298,1943045.0
국악기,2410.0,116153.0,48.2,59346,144255.0
구강청정제,260.0,116573.0,448.36,9891,169320.0
온수매트,43940.0,116965.0,2.66,181305,5332444.0
골드바,54720.0,117291.0,2.14,1247262,1397094.0
테이핑요법,350.0,117569.0,335.91,4886,5845077.0
네트워크테스트기,50.0,118103.0,2362.06,36047,308303.0
강정,8890.0,118943.0,13.38,11190,2290777.0
구둣주걱,350.0,119602.0,341.72,6584,444444.0
업소용진공포장기,4280.0,120400.0,28.13,1034880,1142779.0
자급제폰,77800.0,121211.0,1.56,1047873,1964921.0
파크골프,56280.0,121265.0,2.15,647849,2276903.0
보컬,3850.0,121432.0,31.54,120059,1147325.0
도복,4510.0,121824.0,27.01,118093,8392205.0
헤어미스트,12390.0,122731.0,9.91,38145,1277062.0
고슴도치용품,260.0,125771.0,483.73,27808,16929.0
매직블럭,14070.0,126437.0,8.99,4869,1017822.0
젖병솔,5940.0,126616.0,21.32,7027,37111.0
렌즈세척기,7130.0,126722.0,17.77,25434,6522428.0
야구화,7680.0,127057.0,16.54,56417,3263876.0
배구화,11900.0,127990.0,10.76,76945,5992361.0
핫플레이트,7860.0,129152.0,16.43,32828,1646472.0
냉온풍기,7470.0,129186.0,17.29,935220,1842956.0
콤비블라인드,8140.0,129229.0,15.88,15004,4632102.0
한자,142000.0,129295.0,0.91,2680,45833.0
훌라후프,19530.0,130259.0,6.67,17542,507612.0
요가링,15610.0,131104.0,8.4,5136,7029880.0
아이스스케이트,1560.0,131336.0,84.19,106768,63333.0
재활운동기구,770.0,131937.0,171.35,122848,100807.0
메이크업베이스,10890.0,132601.0,12.18,23590,2431910.0
네일리무버,1640.0,132954.0,81.07,5074,1538928.0
장아찌,10120.0,133176.0,13.16,16626,491591.0
볼링용품,4500.0,133479.0,29.66,6071,7648570.0
포대기,12420.0,133738.0,10.77,39277,672738.0
공기계,16230.0,134640.0,8.3,159697,302065.0
올리고당,15180.0,135459.0,8.92,7906,7082689.0
야구공,11650.0,135797.0,11.66,6886,446190.0
바디파우더,480.0,136266.0,283.89,45916,1699500.0
부부테이블,860.0,136442.0,158.65,159642,2325551.0
고가구,4100.0,136787.0,33.36,248608,1038403.0
컵보드,430.0,136965.0,318.52,91341,4241.0
건강슬리퍼,630.0,137023.0,217.5,10208,1970183.0
미러리스디카,340.0,137368.0,404.02,1564671,858397.0
암워머,1390.0,137619.0,99.01,3338,115495.0
일본어,87700.0,137658.0,1.57,5193,910010.0
보행차,980.0,137777.0,140.59,111485,3295751.0
유아바스,340.0,137879.0,405.53,15431,4764109.0
제빵기,8990.0,138225.0,15.38,124197,14457.0
지구본,23950.0,139168.0,5.81,51404,2107664.0
녹즙기,5590.0,139636.0,24.98,205868,6708914.0
낫토,6510.0,139636.0,21.45,21653,1604166.0
KVM스위치,5180.0,140202.0,27.07,77513,718150.0
실버카,4720.0,140742.0,29.82,138443,726294.0
팔보호대,2810.0,140763.0,50.09,12742,933327.0
PMP,6970.0,140908.0,20.22,145506,201424.0
스노보드장비,50.0,141251.0,2825.02,537748,363166.0
배구공,11320.0,141253.0,12.48,32295,356271.0
가스레인지후드,2510.0,141254.0,56.28,167880,9109455.0
마케팅,36500.0,143028.0,3.92,258244,11804870.0
가르시니아,33940.0,145272.0,4.28,17509,3014229.0
속통,80.0,145471.0,1818.39,13701,652564.0
오리고기,41470.0,145832.0,3.52,16737,453931.0
장례용품,810.0,146439.0,180.79,52457,32318070.0
고춧가루,64620.0,147495.0,2.28,22018,1441666.0
태닝,13830.0,148440.0,10.73,57817,1813263.0
스패츠,4580.0,148698.0,32.47,15803,56545.0
방석솜,1170.0,148973.0,127.33,5652,1415870.0
지압기,1450.0,150042.0,103.48,9480,4139058.0
파스타소스,6730.0,150491.0,22.36,7737,2834245.0
케첩,3250.0,150541.0,46.32,4046,1515838.0
아동화장품,80.0,150553.0,1881.91,39502,640090.0
전설,5100.0,150819.0,29.57,38918,1865662.0
탁구의류,340.0,150881.0,443.77,38189,504410.0
영상촬영,1100.0,151193.0,137.45,81688,157751.0
안경줄,8290.0,151819.0,18.31,4840,5233640.0
모니터브라켓,1820.0,152145.0,83.6,26455,327365.0
NAS,14080.0,153016.0,10.87,625847,2590027.0
슈트케이스,2880.0,154401.0,53.61,46590,16046483.0
클렌징세트,50.0,154923.0,3098.46,37804,366319.0
낮잠이불,18130.0,157498.0,8.69,72165,14654666.0
탁구공,8300.0,158291.0,19.07,6427,166335.0
신화,33370.0,158686.0,4.76,49978,460733.0
머리보호대,1270.0,159433.0,125.54,18577,1342133.0
곤약,21870.0,161492.0,7.38,13436,4305102.0
뜸,5650.0,161829.0,28.64,14470,3038805.0
한복소품,1340.0,162407.0,121.2,11681,11441150.0
아이돌굿즈,1980.0,162817.0,82.23,14818,759360.0
회전청소기,110.0,162850.0,1480.45,21586,4059261.0
다림판,1270.0,163184.0,128.49,26450,1992320.0
클렌징크림,5620.0,163638.0,29.12,15167,1577542.0
세탁볼,2680.0,164845.0,61.51,4426,602420.0
웰트화,290.0,164861.0,568.49,29659,665252.0
학습보드게임,80.0,165251.0,2065.64,19782,3199464.0
코너장,7900.0,165538.0,20.95,87231,2390135.0
조리기,190.0,165574.0,871.44,36486,1604204.0
E쿠폰,1050.0,166041.0,158.13,18297,1695803.0
목보호대,6930.0,166527.0,24.03,24238,1738934.0
포기김치,8970.0,166791.0,18.59,33823,1213235.0
선풍기커버,10900.0,169799.0,15.58,3894,377410.0
액티비티,16920.0,170261.0,10.06,21029,745829.0
보풀제거기,15320.0,170407.0,11.12,26408,915590.0
유아목욕장난감,90.0,171024.0,1900.27,12916,2762512.0
수반,11260.0,171109.0,15.2,14667,4674182.0
BB크림,6220.0,171955.0,27.65,23761,3994920.0
배냇저고리,25600.0,172346.0,6.73,25895,6198994.0
일반디카,90.0,172837.0,1920.41,539033,1863741.0
무도복,200.0,173401.0,867.0,88119,776902.0
사케,24450.0,173487.0,7.1,43710,110000.0
유아청소년,30.0,173668.0,5788.93,32332,1471636.0
디지털액자,9520.0,174471.0,18.33,152391,17184.0
신생아모자,8830.0,175118.0,19.83,10894,951777.0
연극,154800.0,175377.0,1.13,13615,21722.0
유아크림,880.0,176988.0,201.12,19201,1124162.0
야구장갑,2720.0,177658.0,65.32,27931,5162371.0
짜장,8850.0,178700.0,20.19,4969,8827419.0
대자리,1620.0,179776.0,110.97,33475,7277975.0
책상의자세트,1470.0,180310.0,122.66,139036,1288137.0
유아칫솔,8000.0,180501.0,22.56,10823,219784.0
헤어롤,7360.0,182427.0,24.79,7167,1472802.0
야구배트,7990.0,183109.0,22.92,121983,3113360.0
유아베개,5110.0,183665.0,35.94,31982,448882.0
업소용믹서기,1830.0,183889.0,100.49,441285,1099970.0
선택기,110.0,184854.0,1680.49,18524,33500287.0
농구대,2180.0,185131.0,84.92,91222,13068000.0
우드락,17860.0,187132.0,10.48,9017,237672.0
컴퓨터공학,3380.0,187209.0,55.39,41660,2128386.0
코털제거기,28880.0,189196.0,6.55,16614,1786118.0
천주교용품,230.0,189273.0,822.93,35660,1677705.0
토퍼커버,7530.0,189328.0,25.14,39941,1623716.0
즉석카메라,7230.0,190657.0,26.37,150110,1119356.0
관엽식물,7760.0,190658.0,24.57,30510,1552095.0
클렌징젤,4550.0,191860.0,42.17,24732,2512339.0
워크스테이션,4830.0,192573.0,39.87,1171228,2496166.0
입욕제,16730.0,192871.0,11.53,15479,843812.0
쥬서기,1670.0,194361.0,116.38,195060,4098970.0
빙수기,2080.0,194507.0,93.51,71932,65049.0
정자,18660.0,195038.0,10.45,559884,9056305.0
반제품,2280.0,195066.0,85.56,17584,756157.0
커플시계,3010.0,195272.0,64.87,110300,826399.0
넝쿨식물,3750.0,196021.0,52.27,6108,1060567.0
창작,2800.0,196720.0,70.26,13962,974404.0
셔틀콕,14180.0,197015.0,13.89,14508,1143969.0
포셉,4240.0,197048.0,46.47,11558,3636526.0
참기름,49880.0,197809.0,3.97,15857,1557293.0
헤어왁스,6070.0,197995.0,32.62,14186,364559.0
안마의자,109600.0,198606.0,1.81,1836037,4117617.0
제수용품,5000.0,200420.0,40.08,145083,370361.0
성인용기저귀,8430.0,200465.0,23.78,28261,2030413.0
폼보드,20780.0,201224.0,9.68,9687,3152986.0
문학,12930.0,201923.0,15.62,4126,2152674.0
롤러슈즈,1370.0,203105.0,148.25,53089,544096.0
모뎀,6080.0,203156.0,33.41,115402,77198.0
대화,10210.0,203917.0,19.97,20497,141000.0
고등어,48380.0,205046.0,4.24,21546,145000.0
소음방지귀마개,5300.0,205079.0,38.69,11105,540000.0
한과,58500.0,207457.0,3.55,19250,3059812.0
리피터장비,20.0,207669.0,10383.45,115471,2183471.0
바디스크럽,16850.0,208708.0,12.39,21862,355376.0
올리브유,50810.0,208730.0,4.11,22458,230961.0
아기이불,10500.0,209700.0,19.97,43356,4650933.0
칠리,4020.0,210144.0,52.27,6777,1659938.0
발레복,19600.0,211680.0,10.8,27372,9798233.0
칫솔치약세트,1440.0,212185.0,147.35,4348,1094304.0
헤어스프레이,25450.0,212201.0,8.34,10529,696258.0
클렌징오일,48380.0,212715.0,4.4,15365,971183.0
축구양말,12480.0,213103.0,17.08,6569,2331005.0
젓갈,17290.0,213736.0,12.36,16135,376458.0
하이라이터,14060.0,213761.0,15.2,19520,6917312.0
비누꽃,4720.0,214151.0,45.37,13587,904700.0
양념장,3060.0,215700.0,70.49,10678,10833.0
종이꽃,3870.0,216195.0,55.86,25771,1523633.0
데오드란트,30200.0,216746.0,7.18,8272,1830000.0
화폐,7260.0,216911.0,29.88,17944,4350690.0
그릇장,6620.0,217307.0,32.83,115750,738433.0
가글,17630.0,218754.0,12.41,10707,5306254.0
문닫힘방지,5070.0,218955.0,43.19,3765,4086736.0
바디미스트,16840.0,219071.0,13.01,23347,1235894.0
축구보호대,1080.0,219698.0,203.42,7878,736169.0
스키장비,1520.0,220067.0,144.78,575591,5894436.0
김치냉장고,119700.0,220598.0,1.84,1326062,1159188.0
아이스머플러,210.0,220619.0,1050.57,5887,426521.0
욕실장,14030.0,221754.0,15.81,83934,6208781.0
향수세트,420.0,222219.0,529.09,60958,1472850.0
반찬세트,360.0,222730.0,618.69,25874,685301.0
블러셔,12240.0,222967.0,18.22,21519,432091.0
배드민턴가방,17720.0,223357.0,12.6,66993,139916.0
국내패키지,1390.0,223640.0,160.89,35564,560229.0
디지털도어록,1460.0,224268.0,153.61,138237,565018.0
다이어트바,930.0,224533.0,241.43,14091,814354.0
빨랫줄,1480.0,225547.0,152.4,6115,160680.0
LGU+,72300.0,226072.0,3.13,516482,10570100.0
호각,2920.0,228165.0,78.14,12827,4973601.0
튀김기,30160.0,228663.0,7.58,72338,368261.0
임부속옷,970.0,230385.0,237.51,13140,713520.0
돌기념품,120.0,230456.0,1920.47,4152,6836412.0
와플제조기,20.0,230560.0,11528.0,39677,141071.0
축구장갑,1230.0,230954.0,187.77,25076,1349083.0
기어백,210.0,231077.0,1100.37,78812,1070077.0
속치마,5610.0,232227.0,41.4,8327,1410471.0
배드민턴화,35100.0,233857.0,6.66,95844,5570952.0
토스터기,12590.0,233946.0,18.58,49066,1148478.0
유아마스크,2720.0,235037.0,86.41,7480,293186.0
군모,3850.0,236959.0,61.55,16737,1140805.0
바디슬리밍,440.0,238755.0,542.62,25468,2517930.0
립케어,970.0,239982.0,247.4,15374,2214561.0
페이스오일,4850.0,241814.0,49.86,26079,594861.0
헬스사이클,700.0,242052.0,345.79,237721,1153357.0
테라리엄,280.0,243153.0,868.4,12214,119691.0
핫도그,44160.0,243206.0,5.51,16369,368175.0
피클,14220.0,245328.0,17.25,6145,9310833.0
천체망원경,26070.0,246301.0,9.45,478805,5747855.0
마라톤용품,1120.0,247300.0,220.8,36059,26098915.0
유아의자,5410.0,247681.0,45.78,89121,1178602.0
여과제,820.0,249068.0,303.74,7796,2235628.0
안대,22380.0,249164.0,11.13,12245,2603920.0
고전,9200.0,249590.0,27.13,3457,919486.0
튜너,2350.0,251356.0,106.96,22613,1523522.0
넥타이핀,8130.0,251803.0,30.97,32088,246216.0
베어본PC,1270.0,254963.0,200.76,413361,3521522.0
치간칫솔,39740.0,256601.0,6.46,7813,2007894.0
행정,10930.0,257912.0,23.6,23346,7142252.0
도서,26310.0,257980.0,9.81,13486,2234333.0
전기요,19400.0,258282.0,13.31,66898,1114622.0
어패류,6920.0,258708.0,37.39,8106,471741.0
푸딩,25610.0,259249.0,10.12,7768,16666.0
러닝머신,11790.0,259489.0,22.01,632287,5989969.0
교자상,20460.0,260137.0,12.71,47691,595911.0
물조리개,8100.0,261517.0,32.29,6783,1077302.0
양고기,42160.0,261882.0,6.21,23996,2802665.0
건과류,4090.0,262116.0,64.09,10574,6634891.0
셀프촬영,1350.0,263579.0,195.24,31264,5481074.0
신발끈,11910.0,265071.0,22.26,1772,422162.0
워터볼,4870.0,265222.0,54.46,26960,1149978.0
물리치료용품,40.0,266618.0,6665.45,55630,2976070.0
탄산수,61810.0,268217.0,4.34,9687,1500742.0
카레,49180.0,269278.0,5.48,2820,325388.0
드라마,946500.0,270334.0,0.29,50994,1575166.0
누룽지,43660.0,271419.0,6.22,12197,324539.0
스키복,10770.0,271638.0,25.22,443079,2652975.0
CLA,19230.0,272218.0,14.16,30799,4285900.0
방울털모자,100.0,273735.0,2737.35,10340,379610.0
고추장,24190.0,274022.0,11.33,15733,1576419.0
제빵재료,1260.0,274310.0,217.71,10453,9281041.0
야구가방,3850.0,275561.0,71.57,80816,2454771.0
캐리어커버,20850.0,277754.0,13.32,10280,1507748.0
햄버거,117900.0,278791.0,2.36,11908,2399625.0
인라인용품,70.0,279669.0,3995.27,13151,2450977.0
열쇠지갑,940.0,279899.0,297.76,17657,1129708.0
카드리더기,7620.0,281554.0,36.95,11904,4893865.0
어묵,20890.0,281958.0,13.5,10939,11820714.0
판타지,9810.0,283255.0,28.87,98518,1500873.0
DAC,9410.0,285484.0,30.34,250949,698500.0
제모기,12820.0,285739.0,22.29,75268,121334.0
마우스피스,20110.0,286403.0,14.24,17192,1148233.0
헤어케어세트,20.0,287082.0,14354.1,47689,2340866.0
자세교정용품,30.0,289105.0,9636.83,22804,624887.0
자외선소독기,2770.0,290001.0,104.69,70780,6168556.0
우표,8170.0,293098.0,35.87,17727,2232279.0
조소,10800.0,293233.0,27.15,49193,8780833.0
발각질제거기,13510.0,295238.0,21.85,13389,7231377.0
유아스푼,280.0,296215.0,1057.91,9018,4831171.0
유아학습,360.0,297249.0,825.69,35440,281917.0
호루라기,14700.0,297485.0,20.24,11891,2100.0
여권지갑,14830.0,297560.0,20.06,18125,1084993.0
립틴트,5510.0,298458.0,54.17,13398,1702188.0
장난감정리함,21050.0,298727.0,14.19,34995,38047.0
전통공예소품,20.0,299056.0,14952.8,8147,7262082.0
히알루론산,39550.0,299132.0,7.56,23682,2594123.0
립글로스,8540.0,299773.0,35.1,23678,6134983.0
한방재료,240.0,299809.0,1249.2,13942,407033.0
기저귀가방,63400.0,299911.0,4.73,50788,5437698.0
하이라이트,52850.0,300049.0,5.68,99012,4308987.0
털신,1470.0,300085.0,204.14,22792,11477851.0
머니클립,9550.0,300501.0,31.47,89239,690028.0
수경식물,10030.0,301116.0,30.02,7116,1328767.0
식이섬유,24290.0,301430.0,12.41,22186,746470.0
프라이머,36470.0,305560.0,8.38,23279,3661581.0
튀김류,230.0,306130.0,1331.0,9266,7043310.0
건강팔찌,5160.0,307288.0,59.55,75755,1429482.0
발마사지기,35440.0,307448.0,8.68,156256,2696756.0
아이브로,490.0,307875.0,628.32,8336,1138668.0
염료,2010.0,308182.0,153.32,5223,321974.0
화분영양제,2920.0,308216.0,105.55,14498,1189890.0
승용완구,200.0,308490.0,1542.45,83489,28203.0
인삼,30440.0,308806.0,10.14,20846,1049851.0
남성화장품세트,1110.0,310127.0,279.39,33258,191666.0
스무디,11950.0,311747.0,26.09,12446,2902688.0
댄스소품,90.0,311939.0,3465.99,38501,5963524.0
블루투스동글,13930.0,312503.0,22.43,7002,717667.0
컨실러,19140.0,314089.0,16.41,15114,4261015.0
냉풍기,9880.0,314221.0,31.8,94865,4294873.0
발지압,10810.0,314281.0,29.07,14305,1061916.0
손목받침대,3280.0,315017.0,96.04,14188,35679000.0
축구연습용품,130.0,315611.0,2427.78,30871,292500.0
된장,19750.0,315718.0,15.99,18150,3242111.0
아동시계,910.0,316963.0,348.31,14525,5308620.0
핸드블렌더,4600.0,317068.0,68.93,50791,453639.0
공기정화식물,27680.0,317168.0,11.46,19052,5212575.0
압축팩,13320.0,319650.0,24.0,7096,2062520.0
살림,4730.0,320230.0,67.7,7372,869881.0
홑이불,2130.0,321217.0,150.81,21439,3956054.0
쓰레받기,9220.0,321367.0,34.86,8225,13173572.0
우체통,18740.0,321773.0,17.17,24662,1178840.0
브랜드PC,200.0,323748.0,1618.74,770977,1137104.0
노트북보안기,40.0,323962.0,8099.05,25045,1291702.0
마스카라,14160.0,324478.0,22.92,11280,1932764.0
발보호대,1200.0,325116.0,270.93,4861,398559.0
테니스가방,32140.0,325666.0,10.13,60236,870700.0
위생마스크,1060.0,326615.0,308.13,9547,962042.0
찜질기,6400.0,327385.0,51.15,37039,568979.0
영상플레이어,1960.0,327668.0,167.18,112906,3331100.0
캠핑왜건,1500.0,328273.0,218.85,94935,6230666.0
티켓,18500.0,329760.0,17.82,78176,830309.0
양주,77900.0,329790.0,4.23,79315,4051569.0
오디오믹서,2190.0,330312.0,150.83,371450,930775.0
목욕비누,460.0,330751.0,719.02,8197,4119117.0
돼지고기,25830.0,330840.0,12.81,15162,3456163.0
복근운동기구,10950.0,331086.0,30.24,26026,1638290.0
가정용게임기,2710.0,332186.0,122.58,358280,22281361.0
가구설치,190.0,332807.0,1751.62,31283,8759735.0
정원그네,830.0,334039.0,402.46,185078,398741.0
롤스크린,12100.0,334535.0,27.65,10290,791187.0
탈수기,6020.0,335308.0,55.7,88555,6572657.0
묘목,6820.0,336118.0,49.28,19331,525940.0
선글라스케이스,4820.0,340188.0,70.58,7964,1519120.0
모서리보호대,13550.0,343196.0,25.33,4907,2822587.0
안경케이스,7580.0,348203.0,45.94,6677,5602118.0
놀이방매트,14190.0,348451.0,24.56,48581,756381.0
기포,1850.0,348883.0,188.59,19935,3716116.0
탈모케어,1020.0,349934.0,343.07,21299,31941.0
보행기,19940.0,350198.0,17.56,98013,3074508.0
DVR,3010.0,350854.0,116.56,224934,1106533.0
풋케어,3040.0,351680.0,115.68,10035,5530734.0
자동차TV,180.0,352290.0,1957.17,183565,1220674.0
외장SSD,16330.0,352418.0,21.58,89375,16608190.0
사전,279700.0,354190.0,1.27,194123,413567.0
사운드카드,3920.0,357358.0,91.16,117925,25824538.0
발목보호대,42550.0,358095.0,8.42,21106,7479378.0
공포,8060.0,358396.0,44.47,17539,2330120.0
마네킹,13010.0,359222.0,27.61,30771,397854.0
남아수영복,5510.0,359809.0,65.3,31539,18246760.0
보드복,7440.0,360099.0,48.4,125776,6113784.0
무용,4510.0,363015.0,80.49,23731,223471.0
웹캠,10240.0,364202.0,35.57,41773,6968006.0
세탁망,5400.0,367932.0,68.14,3490,7285691.0
쌍안경,7640.0,369208.0,48.33,97092,989767.0
유아식기,3530.0,370696.0,105.01,17797,1013842.0
유아컵,1450.0,370897.0,255.79,16519,122100.0
농구공,29340.0,371082.0,12.65,29987,2024166.0
진공포장기,50020.0,371716.0,7.43,74012,7796757.0
식기세척,330.0,372025.0,1127.35,669283,2668177.0
체중계,55890.0,372581.0,6.67,27682,2933424.0
건반악기,740.0,372840.0,503.84,584148,118500.0
법,16080.0,375588.0,23.36,15909,364458.0
글씨,3490.0,376848.0,107.98,4897,30007.0
코코아,6040.0,377172.0,62.45,9388,2569749.0
떡볶이,212000.0,380048.0,1.79,7062,3855573.0
자갈,9210.0,381488.0,41.42,8234,515402.0
밀가루,14640.0,382059.0,26.1,18024,1828218.0
헌팅캡,9030.0,384379.0,42.57,39911,295220.0
온수기,9710.0,386337.0,39.79,114724,485983.0
여아수영복,7340.0,388095.0,52.87,31310,347676.0
스프레드,12390.0,388238.0,31.33,62985,1387607.0
시계수리용품,20.0,388841.0,19442.05,5366,3116161.0
바디케어세트,120.0,390582.0,3254.85,41875,103777.0
휴대폰젠더,270.0,391713.0,1450.79,5775,1700634.0
테니스공,15100.0,393161.0,26.04,57287,3352693.0
수초,15820.0,393959.0,24.9,5046,1995738.0
에어브러시,630.0,394001.0,625.4,44077,1522113.0
젖병,18250.0,394522.0,21.62,21333,5022265.0
전동휠,14000.0,394677.0,28.19,857159,405539.0
턱받이,16540.0,395868.0,23.93,11487,153440.0
아이라이너,13690.0,396847.0,28.99,8437,7443769.0
풋살화,93800.0,396851.0,4.23,74827,1954435.0
다리보호대,960.0,397127.0,413.67,18513,917286.0
건어물,14300.0,398301.0,27.85,19308,1887247.0
치실,28980.0,400662.0,13.83,7497,2318283.0
먼지떨이,960.0,402643.0,419.42,6437,1782058.0
순금주얼리,400.0,405710.0,1014.28,1335569,917110.0
샌드백,20250.0,406777.0,20.09,55955,2507682.0
악기놀이,190.0,406893.0,2141.54,35356,615640.0
건축,11540.0,407069.0,35.27,21110,1137909.0
팝콘,25730.0,408742.0,15.89,9210,5724417.0
테이프클리너,2570.0,413630.0,160.95,11304,2086741.0
가베,12980.0,416275.0,32.07,24285,393706.0
해산물,31450.0,416781.0,13.25,14281,1645442.0
헤드유닛,270.0,419397.0,1553.32,187890,457418.0
위생도기,1140.0,420534.0,368.89,185835,2121906.0
모니터암,60200.0,421362.0,7.0,60231,4217615.0
휴대용게임기,5900.0,422313.0,71.58,232157,3298310.0
스페인,105300.0,423907.0,4.03,1472693,824838.0
휠체어,29550.0,426082.0,14.42,132093,16113608.0
인테리어분수,300.0,427675.0,1425.58,65644,2763973.0
전방,3940.0,430090.0,109.16,58238,1004243.0
테니스화,38970.0,434372.0,11.15,99768,2105075.0
식초,16850.0,439220.0,26.07,8765,4882108.0
에어프라이어,196900.0,440135.0,2.24,130239,4326864.0
스위칭허브,4460.0,444390.0,99.64,64993,10636502.0
제습기,136800.0,446087.0,3.26,220792,683671.0
어린이자전거,15540.0,447576.0,28.8,196211,1551919.0
농구의류,160.0,447676.0,2797.98,22754,466576.0
오트밀,109300.0,447926.0,4.1,13217,1384914.0
피부케어기기,140.0,449711.0,3212.22,153381,24307000.0
스포츠헤어밴드,13620.0,449952.0,33.04,8703,2761595.0
베개솜,11920.0,450873.0,37.82,15739,1469615.0
부채,25620.0,451835.0,17.64,4983,615053.0
복대,18540.0,453778.0,24.48,8178,4327944.0
헤어팩,17570.0,453825.0,25.83,18846,926932.0
반신욕용품,90.0,455019.0,5055.77,15897,3231178.0
미니화분,6360.0,458103.0,72.03,9884,1606299.0
보일러,19130.0,461998.0,24.15,467760,2002278.0
모종,11800.0,463234.0,39.26,6307,498936.0
축구가방,6150.0,465639.0,75.71,33850,1941500.0
네임태그,940.0,467625.0,497.47,6898,1693313.0
헤어에센스,59350.0,469752.0,7.91,18583,2203376.0
쿠션솜,4530.0,471582.0,104.1,6694,4386209.0
셀카봉,28600.0,472099.0,16.51,24585,225632.0
아로마테라피,8920.0,476379.0,53.41,21133,26714784.0
전기밥솥,37950.0,476928.0,12.57,228808,390111.0
도어벨,5900.0,478712.0,81.14,14031,1490635.0
손발톱정리기,40.0,479721.0,11993.02,43984,326430.0
덤벨,39100.0,481678.0,12.32,21015,1686351.0
아령,30170.0,481678.0,15.97,21153,253258.0
축구공,48870.0,483431.0,9.89,31762,8350438.0
분재,9790.0,484412.0,49.48,50004,70666.0
안전잠금장치,430.0,485520.0,1129.12,3701,6432056.0
홈시어터,5600.0,488286.0,87.19,262933,885028.0
찜질팩,18780.0,488687.0,26.02,17356,1862499.0
붕대,5160.0,490420.0,95.04,4015,3510999.0
전화기,14370.0,490529.0,34.14,39921,6315557.0
이불솜,4490.0,490754.0,109.3,73832,4002611.0
장판,42680.0,491602.0,11.52,19776,2734147.0
캐러멜,1980.0,491881.0,248.42,9295,583500.0
미트,8530.0,492047.0,57.68,21753,452410.0
임신,32550.0,492405.0,15.13,23640,1538770.0
고데기,43760.0,492600.0,11.26,50255,539887.0
커프스,4710.0,492608.0,104.59,22392,565647.0
클렌징비누,1100.0,493372.0,448.52,9430,1719889.0
허리보호대,38950.0,493528.0,12.67,33440,373779.0
보트슈즈,2050.0,494232.0,241.09,128568,8651448.0
밥상,30970.0,494392.0,15.96,38951,1171480.0
수모,23610.0,494525.0,20.95,14104,12847808.0
무전기,23360.0,498696.0,21.35,84558,2664108.0
원목교구,2630.0,500626.0,190.35,52628,945305.0
우주복,11560.0,501359.0,43.37,50466,1827037.0
서예,6390.0,501800.0,78.53,16473,2630188.0
줄넘기,29130.0,501974.0,17.23,9718,8921520.0
캡형,40.0,504457.0,12611.42,12358,457043.0
짐벌,19680.0,505843.0,25.7,151824,432964.0
안경소품,80.0,508172.0,6352.15,4728,1916424.0
모카신,4570.0,508271.0,111.22,61619,2818784.0
당구용품,2320.0,510484.0,220.04,47891,968683.0
비데,81100.0,512154.0,6.32,183429,2742381.0
OS,8700.0,513848.0,59.06,124846,335198.0
쿨매트,8810.0,513856.0,58.33,38274,524083.0
리시버,4210.0,518261.0,123.1,748000,2100083.0
화분받침,6740.0,520932.0,77.29,4360,917482.0
후추,14500.0,523188.0,36.08,6649,2404312.0
야외벤치,5460.0,523497.0,95.88,94857,3483210.0
이사,30670.0,524623.0,17.11,12122,8550782.0
스텝퍼,45920.0,525550.0,11.44,74451,2461303.0
냉장고자석,7990.0,525649.0,65.79,3811,1858004.0
먼지제거기,4350.0,525886.0,120.89,3753,7592257.0
제도용품,480.0,526005.0,1095.84,9480,620959.0
외장HDD,1110.0,526468.0,474.3,87391,32115638.0
반다나,15880.0,527249.0,33.2,4760,4785924.0
보안기,190.0,528207.0,2780.04,40485,5508.0
PC헤드셋,920.0,528987.0,574.99,70766,69423.0
지도,1950100.0,529214.0,0.27,15873,700445.0
레귤레이터,11420.0,531654.0,46.55,28778,7444651.0
수학,26020.0,533137.0,20.49,1905,1284721.0
모니터받침대,45700.0,534031.0,11.69,19429,1996094.0
잡곡,13960.0,535817.0,38.38,14168,775262.0
미술작품,7170.0,536269.0,74.79,473334,5721253.0
남녀공용향수,670.0,539115.0,804.65,84512,2821511.0
전기그릴,27650.0,540438.0,19.55,111040,931227.0
빙수,49680.0,540600.0,10.88,16815,355386.0
손톱깎이,25750.0,540618.0,20.99,10398,1577821.0
마우스세트,50.0,540763.0,10815.26,32704,537126.0
한글,63200.0,544289.0,8.61,216136,1184756.0
해외숙박,840.0,546574.0,650.68,113978,699071.0
두유,63740.0,547781.0,8.59,11125,1693989.0
손수건,23890.0,548853.0,22.97,7884,4548833.0
오르골,20710.0,549486.0,26.53,28374,910454.0
돋보기,19600.0,551817.0,28.15,10225,7566268.0
연어,63740.0,551870.0,8.66,20985,2434354.0
공간박스,10520.0,552261.0,52.5,18818,3583461.0
발찌,9960.0,559252.0,56.15,91740,6138992.0
유모차용품,160.0,559445.0,3496.53,26184,8534348.0
빨래집게,4270.0,559467.0,131.02,1742,3075938.0
귀달이모자,1820.0,560237.0,307.82,13186,8644064.0
키보드키스킨,1680.0,563106.0,335.18,3917,2135467.0
건강환,440.0,563403.0,1280.46,29997,1240397.0
무릎담요,14540.0,563678.0,38.77,9772,8359944.0
현미경,11330.0,565202.0,49.89,143271,2493937.0
바디오일,11240.0,565602.0,50.32,23070,223041.0
면도용품,140.0,567134.0,4050.96,14837,2651368.0
CD플레이어,43630.0,573079.0,13.13,79709,4758462.0
베레모,20520.0,574619.0,28.0,30610,1015970.0
화학,14550.0,576354.0,39.61,19901,10485437.0
냉동고,87280.0,576854.0,6.61,421417,215852.0
우산꽂이,30700.0,577576.0,18.81,18396,5690577.0
공주드레스,7200.0,583763.0,81.08,28156,3745427.0
롬퍼,2350.0,584950.0,248.91,31148,5357131.0
고양이캣타워,8750.0,585289.0,66.89,128915,4760464.0
침대커버세트,2930.0,587166.0,200.4,74108,5767019.0
즉석밥,10440.0,590020.0,56.52,11209,1190000.0
거즈,9900.0,591303.0,59.73,5014,48454.0
인터페이스카드,40.0,592633.0,14815.82,68170,3317254.0
두피케어,9880.0,593437.0,60.06,19110,3437582.0
공학,10380.0,599426.0,57.75,31803,10409138.0
간장,16630.0,603305.0,36.28,11154,808923.0
슈즈커버,210.0,605004.0,2880.97,4561,35271316.0
이발기,4730.0,605776.0,128.07,47903,2863439.0
랜카드,6000.0,608758.0,101.46,19409,1608244.0
비료,10650.0,611864.0,57.45,15119,3584906.0
해초,6690.0,614132.0,91.8,9468,80651236.0
스파게티,38490.0,618553.0,16.07,19174,2829165.0
배드민턴의류,12250.0,619382.0,50.56,41154,4949648.0
배드민턴라켓,45400.0,620390.0,13.66,123976,1094080.0
두건,8480.0,621760.0,73.32,9225,1030355.0
빗자루,16040.0,623316.0,38.86,7738,11960118.0
PC마이크,1190.0,632653.0,531.64,27300,587745.0
마스크시트,1460.0,633315.0,433.78,8548,96478.0
즉석탕,80.0,634114.0,7926.42,11558,17759514.0
리모델링,13000.0,636068.0,48.93,549704,403726.0
과일즙,950.0,638737.0,672.35,39690,4550950.0
스크럽,9430.0,641027.0,67.98,21637,1227331.0
공유기,34600.0,645376.0,18.65,60407,7335203.0
건강즙,1730.0,645833.0,373.31,39690,715133.0
혼합세트,60.0,649363.0,10822.72,42591,2586420.0
즉석국,2650.0,650368.0,245.42,14760,1492171.0
레인지대,260.0,652731.0,2510.5,81801,2942855.0
필링,7540.0,656416.0,87.06,13639,2304442.0
염색약,54430.0,658835.0,12.1,7758,3953451.0
턴테이블,30240.0,663429.0,21.94,142471,6246694.0
타투,33030.0,666273.0,20.17,8569,6246694.0
다이빙슈트,3170.0,666279.0,210.18,125434,3310061.0
핸즈프리,3450.0,666559.0,193.21,38154,468376.0
낚싯줄,570.0,667890.0,1171.74,14994,808846.0
섬유유연제,75940.0,668999.0,8.81,13052,17376880.0
터치펜,6280.0,671553.0,106.94,20212,44166.0
제습,5550.0,673173.0,121.29,9647,3445055.0
그래픽카드,47100.0,675429.0,14.34,513005,3214682.0
고양이사료,50270.0,678788.0,13.5,20340,645697.0
게이밍키보드,26860.0,679649.0,25.3,93745,1914868.0
홍삼,94500.0,680187.0,7.2,60035,2008678.0
햄스터용품,6440.0,681375.0,105.8,22642,720045.0
농구화,25510.0,684310.0,26.83,97410,1115910.0
카메라스트랩,6310.0,685633.0,108.66,43653,1309388.0
생리대,46180.0,686196.0,14.86,6342,10003554.0
망토,5410.0,687700.0,127.12,17515,10864995.0
보닛,3480.0,693578.0,199.3,17076,4523156.0
스포츠넥워머,110.0,693762.0,6306.93,11327,8024092.0
가스레인지,56830.0,694189.0,12.22,182801,835666.0
단체복,8500.0,694686.0,81.73,17308,6035586.0
테니스라켓,52540.0,695244.0,13.23,219434,941861.0
중대형캐리어,80.0,698440.0,8730.5,154335,1088008.0
아이케어,2690.0,700830.0,260.53,35752,696713.0
네일케어세트,830.0,700997.0,844.57,16406,1922398.0
빨래바구니,43810.0,701152.0,16.0,21902,142550.0
안전문,12090.0,701809.0,58.05,30275,3142015.0
닭고기,5350.0,703978.0,131.58,12388,34929147.0
건강목걸이,1630.0,704961.0,432.49,248307,1770023.0
남성향수,4060.0,707118.0,174.17,58885,1772098.0
PC스피커,7830.0,708837.0,90.53,30915,18333.0
다육식물,9380.0,710336.0,75.73,9301,582134.0
클렌징폼,24130.0,711320.0,29.48,10088,1032712.0
구강청정기,70.0,711649.0,10166.41,51875,28389134.0
급수기,1390.0,712813.0,512.82,31202,6643610.0
파워서플라이,9440.0,717740.0,76.03,108698,20986245.0
욕실발판,6310.0,719103.0,113.96,14882,914116.0
아대,7180.0,719808.0,100.25,12701,474794.0
흙,8890.0,720643.0,81.06,7144,484289.0
액션캠,46780.0,721810.0,15.43,223438,2595233.0
바란스,2000.0,722024.0,361.01,14124,5356220.0
다리미,30570.0,722448.0,23.63,55627,15717262.0
온풍기,15490.0,725130.0,46.81,113696,248815.0
커피메이커,13020.0,727239.0,55.86,94876,1377812.0
요가매트,66500.0,728161.0,10.95,28624,1076619.0
낚시공구,150.0,730244.0,4868.29,8514,16512629.0
후방카메라,23820.0,734196.0,30.82,43203,1989220.0
떡,62010.0,742278.0,11.97,20966,4480958.0
축구화,89350.0,743068.0,8.32,119891,4376552.0
페도라,9550.0,744050.0,77.91,21579,615067.0
아이섀도,440.0,746802.0,1697.28,15324,489720.0
딱지,6820.0,748946.0,109.82,14822,350752.0
핀셋,10140.0,752311.0,74.19,3324,2496399.0
요구르트,23710.0,752817.0,31.75,9994,1225814.0
축산가공식품,20.0,760054.0,38002.7,8870,589766.0
린스,11260.0,764317.0,67.88,12500,10525633.0
찌개,33130.0,765915.0,23.12,7375,5599815.0
라이터,24460.0,769873.0,31.47,14118,7794877.0
참치,84650.0,770686.0,9.1,8048,1288828.0
DSLR카메라,7940.0,771101.0,97.12,316749,2774103.0
전기매트,25400.0,772582.0,30.42,110155,8918097.0
PC받침대,660.0,776354.0,1176.29,23217,14958686.0
빨래건조대,83380.0,793382.0,9.52,34170,1230695.0
메이크업브러시,110.0,793932.0,7217.56,18263,761169.0
시럽,9580.0,794018.0,82.88,11715,1825510.0
견과류,81700.0,794539.0,9.73,21374,4810879.0
방음,3910.0,797507.0,203.97,48201,385535.0
선크림,55900.0,799657.0,14.31,14813,8485333.0
이불패드세트,1130.0,801878.0,709.63,136245,1747783.0
침낭,57170.0,801964.0,14.03,69396,149959.0
인테리어파티션,2280.0,803085.0,352.23,54958,242259.0
야구의류,200.0,803937.0,4019.68,50102,165411.0
요,15950.0,804351.0,50.43,40761,17821204.0
찜,5810.0,804639.0,138.49,25625,553601.0
테니스의류,1770.0,804650.0,454.6,51673,1573464.0
휴대폰렌즈,330.0,812640.0,2462.55,28702,4572474.0
씨앗,8990.0,816600.0,90.83,6157,6132543.0
비치백,6970.0,817640.0,117.31,10661,8827518.0
스테이크,47010.0,817872.0,17.4,35919,1453318.0
고양이배변용품,30.0,819848.0,27328.27,23517,982970.0
서버,6890.0,828856.0,120.3,2194897,42019.0
과즙음료,120.0,829319.0,6910.99,12585,8917107.0
골프공,56200.0,830910.0,14.78,23396,3183323.0
고시,10150.0,831506.0,81.92,78594,661841.0
피자,172100.0,831824.0,4.83,13492,1330906.0
전기팬,4290.0,833747.0,194.35,61968,13303957.0
활용,4930.0,835395.0,169.45,21615,503792.0
화분대,1720.0,839399.0,488.02,23123,9169737.0
언어,10830.0,840773.0,77.63,21709,626428.0
침실세트,60.0,847443.0,14124.05,2017757,3720844.0
여과기,9590.0,855785.0,89.24,16743,1166.0
서바이벌,8010.0,856107.0,106.88,30791,2725944.0
축산,5950.0,860546.0,144.63,16703,667028.0
옥수수,64410.0,860938.0,13.37,17946,4240365.0
자바라,33630.0,862886.0,25.66,50357,1278392.0
손목보호대,93400.0,871664.0,9.33,18435,1966501.0
예술,12850.0,874131.0,68.03,28221,148665.0
바디클렌저,2210.0,874454.0,395.68,13453,384032.0
케이블타이,22310.0,875892.0,39.26,4587,118333.0
군사,3150.0,879351.0,279.16,37492,5119576.0
타이즈,4040.0,887531.0,219.69,8587,349558.0
영어,66700.0,889632.0,13.34,50072,1903307.0
스캐너,13700.0,897025.0,65.48,404044,811862.0
햄,12130.0,906601.0,74.74,8376,8549990.0
노트북받침대,11120.0,908678.0,81.72,23722,19952222.0
블랙박스,149100.0,909014.0,6.1,169644,11577171.0
보호쿠션,180.0,910307.0,5057.26,3607,32321651.0
속바지,9830.0,912269.0,92.8,5682,7171471.0
PC홀더,810.0,914899.0,1129.5,36111,4854075.0
망원경,35620.0,915251.0,25.69,27875,31758082.0
파스타,112410.0,915724.0,8.15,6156,3800407.0
DOCK,5860.0,917633.0,156.59,242170,18174783.0
시리얼,22650.0,919579.0,40.6,8938,4218271.0
관악기,6480.0,926248.0,142.94,43765,6630201.0
해충퇴치기,4720.0,931237.0,197.3,30371,8717746.0
바디로션,43750.0,937981.0,21.44,13464,1385321.0
휴대용스피커,2460.0,942096.0,382.97,76891,1608307.0
캐릭터카드,850.0,943255.0,1109.71,17181,2264753.0
장류,650.0,944860.0,1453.63,18199,337243.0
건설,9330.0,945325.0,101.32,25470,614847.0
선케어,240.0,948868.0,3953.62,14712,14699930.0
동전지갑,20910.0,952401.0,45.55,7577,5638852.0
트리트먼트,44500.0,953279.0,21.42,19198,436011.0
SF,9200.0,954001.0,103.7,14219,1094166.0
골프연습용품,640.0,955896.0,1493.59,34733,22420973.0
강아지배변용품,20.0,956591.0,47829.55,16235,3237640.0
만두,64510.0,956865.0,14.83,14424,15515473.0
스포츠선글라스,7990.0,959752.0,120.12,99416,3007251.0
불교용품,11400.0,961041.0,84.3,19218,828576.0
바디크림,3940.0,973178.0,247.0,20569,896706.0
귀마개,21240.0,975485.0,45.93,11334,15801593.0
USB메모리,6800.0,977410.0,143.74,14391,144663.0
스프,13240.0,993488.0,75.04,6120,6940445.0
헤어끈,1310.0,1000301.0,763.59,2965,553737.0
왜건,7520.0,1000353.0,133.03,76532,1294730.0
토끼용품,610.0,1008443.0,1653.19,12450,6910678.0
라디에이터,20790.0,1018279.0,48.98,91132,1988675.0
기내용캐리어,72420.0,1028416.0,14.2,80856,2232525.0
브리프케이스,7790.0,1029311.0,132.13,178673,28676725.0
핸드케어,220.0,1029367.0,4678.94,16678,10401649.0
킥보드,46230.0,1029787.0,22.28,610777,1485936.0
수영가방,42500.0,1031558.0,24.27,19654,3330404.0
고양이간식,18790.0,1034972.0,55.08,10049,1938390.0
한복,85200.0,1035101.0,12.15,65150,23905925.0
볶음,1670.0,1036665.0,620.76,20955,960000.0
파운데이션,32910.0,1041308.0,31.64,32659,5793347.0
숄,8160.0,1043661.0,127.9,34290,1336280.0
서비스,13860.0,1046753.0,75.52,9367,434192.0
타악기,4940.0,1057663.0,214.1,42417,9941976.0
탈취,3780.0,1058682.0,280.07,10803,3825919.0
콜라겐,120300.0,1064965.0,8.85,21717,8586460.0
가습기,72800.0,1078458.0,14.81,110079,1508438.0
붙박이장,64420.0,1081526.0,16.79,677369,3099730.0
기독교용품,740.0,1082177.0,1462.4,24100,2675351.0
MP3,19710.0,1083267.0,54.96,127920,6706832.0
물감,6360.0,1085352.0,170.65,11142,2044143.0
공예품,1740.0,1086326.0,624.33,9760,13324256.0
TV거실장,5200.0,1098505.0,211.25,172774,4882839.0
구급,1040.0,1098579.0,1056.33,12488,5353521.0
스포츠토시,100.0,1100820.0,11008.2,5449,5331115.0
유모차,44820.0,1102593.0,24.6,347057,508049.0
신발깔창,12110.0,1103365.0,91.11,12993,1092030.0
국내숙박,980.0,1107573.0,1130.18,130918,8777460.0
쇠고기,5490.0,1112051.0,202.56,43925,2216706.0
스케이트보드,27570.0,1119602.0,40.61,73943,473636.0
바디슈트,6390.0,1122002.0,175.59,32654,2314199.0
물류,7910.0,1126468.0,142.41,216613,2566047.0
칠판,10850.0,1127479.0,103.92,40620,104325.0
응급용품,110.0,1132494.0,10295.4,12487,4134176.0
라우터,15110.0,1132815.0,74.97,66920,15309042.0
미스트,26570.0,1133100.0,42.65,13994,5829966.0
무릎보호대,141400.0,1134584.0,8.02,23601,5630948.0
결혼,41460.0,1135744.0,27.39,4692,843287.0
설탕,37690.0,1136151.0,30.14,11385,4502441.0
교복,21810.0,1141896.0,52.36,21131,617550.0
책상의자,27570.0,1143482.0,41.48,120195,16925318.0
청량,4670.0,1144147.0,245.0,8919,2128676.0
데크,14280.0,1146673.0,80.3,14257,513650.0
넥워머,7840.0,1159028.0,147.84,11276,5419011.0
블라인드,632900.0,1159043.0,1.83,12041,632606.0
정원데코,70.0,1161907.0,16598.67,38094,3684574.0
네일케어도구,70.0,1167352.0,16676.46,12554,9787397.0
축구의류,480.0,1169910.0,2437.31,44581,837056.0
장롱,17730.0,1171990.0,66.1,459592,5910283.0
엽서,12400.0,1181592.0,95.29,4167,380277.0
샐러드,157600.0,1183014.0,7.51,11678,11034075.0
도장,69900.0,1188579.0,17.0,9429,3608730.0
아이스크림,117200.0,1189205.0,10.15,18369,223731.0
화장품케이스,2140.0,1190562.0,556.34,2269,1915499.0
불교,17270.0,1196601.0,69.29,19273,8253635.0
껌,7930.0,1200947.0,151.44,9063,261927.0
이동장,1300.0,1200970.0,923.82,61650,701805.0
오토바이의류,440.0,1201403.0,2730.46,124739,537842.0
강아지사료,45720.0,1202780.0,26.31,22200,2849309.0
버터,43310.0,1209548.0,27.93,14716,11217446.0
치약,78700.0,1213741.0,15.42,7834,31008559.0
필름카메라,48890.0,1214848.0,24.85,56975,2810500.0
스냅백,11980.0,1224197.0,102.19,25743,4408366.0
토퍼,107200.0,1227270.0,11.45,110075,5863178.0
낚시의류,2910.0,1229739.0,422.59,121127,1618271.0
팩세트,200.0,1235439.0,6177.2,22610,1629802.0
피아노,56200.0,1237211.0,22.01,659293,3891989.0
전기포트,35580.0,1237516.0,34.78,50104,45687.0
PC게임,10720.0,1237867.0,115.47,22154,1804350.0
조류용품,60.0,1244687.0,20744.78,12773,1474208.0
스탬프,10640.0,1246249.0,117.13,6609,632272.0
책꽂이,42160.0,1251585.0,29.69,19927,2435926.0
과학완구,410.0,1263498.0,3081.7,16370,1299660.0
탄산음료,5970.0,1264236.0,211.76,9262,13745793.0
스케치,12050.0,1266047.0,105.07,34206,7114565.0
뜨개질,18900.0,1275389.0,67.48,18658,633977.0
채소,13160.0,1275509.0,96.92,10450,7031503.0
소품수납함,170.0,1280166.0,7530.39,16646,13058657.0
영화,3368800.0,1283738.0,0.38,10615,390007.0
드라이어,3550.0,1290978.0,363.66,63449,679304.0
생선,18010.0,1292384.0,71.76,16802,5817155.0
천막,24050.0,1293717.0,53.79,145768,497177.0
띠,31200.0,1297277.0,41.58,14685,1649789.0
낚시릴,4840.0,1298247.0,268.23,134623,4613763.0
트위스트,4090.0,1303980.0,318.82,25783,10237550.0
공연,106900.0,1307885.0,12.23,48003,853963.0
유틸리티,24570.0,1309270.0,53.29,223354,3131249.0
립스틱,21990.0,1319785.0,60.02,23233,142377.0
침,7870.0,1319976.0,167.72,14909,1319236.0
소금,97600.0,1323612.0,13.56,16756,420648.0
단백질보충제,78600.0,1324172.0,16.85,41642,190055.0
브로치,12310.0,1326509.0,107.76,5443,4509838.0
웨이트기구,310.0,1341649.0,4327.9,1113667,1802250.0
캐노피,42700.0,1341823.0,31.42,173034,7612066.0
와펜,21120.0,1346142.0,63.74,1513,16262625.0
수경,36880.0,1347701.0,36.54,30835,2206520.0
아이스박스,75300.0,1351717.0,17.95,68937,2117502.0
퀼트,11020.0,1358802.0,123.3,13300,3371525.0
보석십자수,59590.0,1361278.0,22.84,13257,403983.0
국,36440.0,1363381.0,37.41,14255,6259125.0
티포트,10730.0,1371789.0,127.85,51573,1617885.0
바닥재,6060.0,1379103.0,227.57,21878,10351671.0
사탕,20870.0,1388352.0,66.52,10973,59054.0
휴대폰줄,2700.0,1391218.0,515.27,7234,12607595.0
도마,60520.0,1397179.0,23.09,32440,1748486.0
메모리카드,12980.0,1401652.0,107.99,16724,8193216.0
플래너,15700.0,1401933.0,89.3,6937,5026971.0
양산,92700.0,1403713.0,15.14,22134,1075917.0
꿀,56530.0,1411614.0,24.97,33757,5565348.0
장식장,21800.0,1418548.0,65.07,159918,626197.0
남성장갑,200.0,1428183.0,7140.92,30706,3874016.0
휴대폰배터리,1780.0,1429365.0,803.01,31841,1896959.0
브라켓,22390.0,1440560.0,64.34,5650,1311720.0
안테나,52700.0,1448422.0,27.48,30714,10046962.0
자물쇠,18090.0,1451980.0,80.26,8332,673674.0
소꿉놀이,6760.0,1455798.0,215.35,41762,2035249.0
김,67160.0,1460966.0,21.75,11487,18327867.0
커피머신,115200.0,1466858.0,12.73,232065,4067568.0
여성향수,3530.0,1485771.0,420.9,59382,6642484.0
HDD,11930.0,1489581.0,124.86,117889,4034375.0
매니큐어,21710.0,1493742.0,68.8,9301,2320413.0
면류,250.0,1495770.0,5983.08,9394,5534646.0
주얼리세트,360.0,1506757.0,4185.44,65359,2857940.0
치즈,44110.0,1511771.0,34.27,15350,775645.0
AP,12160.0,1513643.0,124.48,87120,8808052.0
KT,619600.0,1518210.0,2.45,568245,509598.0
바인더,27620.0,1522169.0,55.11,2877,1088508.0
콩,17150.0,1522363.0,88.77,11495,7130580.0
쌀,71700.0,1534037.0,21.4,40629,5590608.0
보스턴가방,2010.0,1542708.0,767.52,35646,24713428.0
메인보드,16270.0,1557073.0,95.7,143206,4711353.0
옷커버,3530.0,1560928.0,442.19,5014,18727059.0
협탁,33050.0,1579964.0,47.81,63580,7059567.0
욕조,24480.0,1582998.0,64.66,63034,776588.0
카메라가방,13780.0,1590279.0,115.4,53363,2936057.0
튀김,10430.0,1591725.0,152.61,7471,1047550.0
신발장,40860.0,1594592.0,39.03,45976,2549576.0
국내여행,55500.0,1595850.0,28.75,132197,8502981.0
글러브,15680.0,1598679.0,101.96,157795,7224802.0
펠트,9400.0,1602562.0,170.49,2935,5880758.0
안마기,32440.0,1612731.0,49.71,66880,12570327.0
주방수납장,42460.0,1614511.0,38.02,103885,6334098.0
분쇄기,10680.0,1617859.0,151.48,56919,25303829.0
캠핑매트,33810.0,1619765.0,47.91,87538,2355034.0
여성장갑,520.0,1621071.0,3117.44,17506,2390291.0
건강분말,80.0,1622853.0,20285.66,18134,1358641.0
화병,25960.0,1628945.0,62.75,15030,2578573.0
올리브,28680.0,1631355.0,56.88,7706,5370654.0
멜빵,9270.0,1631467.0,175.99,10890,1177178.0
밀대,12420.0,1633855.0,131.55,13625,4180537.0
스포츠마스크,2750.0,1642956.0,597.44,12132,8777653.0
프랑스,120600.0,1643971.0,13.63,17359,271975.0
역할놀이,3290.0,1646220.0,500.37,58332,3395315.0
수도꼭지,33620.0,1649761.0,49.07,17012,1872116.0
원예부자재,80.0,1656747.0,20709.34,21237,25639684.0
정원부자재,40.0,1657943.0,41448.57,12775,19441899.0
내비게이션,26160.0,1658286.0,63.39,276987,190292.0
예초기,200900.0,1669976.0,8.31,270996,1634487.0
구이,2410.0,1675017.0,695.03,16665,2237897.0
욕실매트,20310.0,1677230.0,82.58,9687,375052.0
욕실청소용품,1490.0,1678961.0,1126.82,7486,1519250.0
스타킹,19610.0,1682445.0,85.8,6590,3255458.0
레인코트,10740.0,1682636.0,156.67,21610,6608433.0
무선이어폰,89200.0,1687525.0,18.92,102948,189443.0
드레싱,11680.0,1697494.0,145.33,6449,6649577.0
SSD,60200.0,1697973.0,28.21,50547,3555873.0
벽지,34980.0,1698822.0,48.57,21745,5974397.0
인테리어창문,260.0,1707187.0,6566.1,51446,691258.0
타프용품,90.0,1716546.0,19072.73,7750,1262863.0
야외테이블,20940.0,1727186.0,82.48,96423,2234791.0
주스,8450.0,1727282.0,204.41,12707,6400311.0
가발,28970.0,1732537.0,59.8,17517,1187918.0
이불커버,15290.0,1742723.0,113.98,50354,15555661.0
게임타이틀,180.0,1772255.0,9845.86,52098,1330249.0
모래,24060.0,1792263.0,74.49,18590,13333333.0
전자레인지,149000.0,1808279.0,12.14,108513,1122209.0
보정속옷,19680.0,1816325.0,92.29,9625,996575.0
RAM,13850.0,1843087.0,133.07,49313,22037458.0
거품,2440.0,1843219.0,755.42,18402,2164289.0
씰,3070.0,1843556.0,600.51,16574,2772405.0
힙색,51700.0,1847200.0,35.73,23506,5408400.0
에센스,18970.0,1847537.0,97.39,28438,7584439.0
우유,37880.0,1851843.0,48.89,11576,1430062.0
골프화,62020.0,1853745.0,29.89,133227,1389435.0
필라테스,228300.0,1857524.0,8.14,215156,1463841.0
타프,74900.0,1864170.0,24.89,142467,1235808.0
걸레,13770.0,1867729.0,135.64,13756,1589568.0
고양이장난감,22360.0,1873188.0,83.77,16411,237185.0
LP,17400.0,1875573.0,107.79,43063,16894773.0
요가복,60820.0,1876521.0,30.85,16511,3738633.0
이불베개세트,900.0,1883643.0,2092.94,61721,239254.0
분리형,180.0,1885582.0,10475.46,14420,3029409.0
DVD,6480.0,1885912.0,291.04,29101,6479246.0
물놀이용품,2770.0,1887213.0,681.3,13565,269864.0
오븐,29030.0,1889299.0,65.08,285448,1200976.0
GPS,14510.0,1893644.0,130.51,67452,2392283.0
붓,8290.0,1894388.0,228.51,1233,12567076.0
욕실용기,90.0,1901629.0,21129.21,6329,3218780.0
수족관,34720.0,1905651.0,54.89,31959,6950375.0
앤틱소품,780.0,1905991.0,2443.58,43013,124376.0
침대커버,27940.0,1912337.0,68.44,19444,3857086.0
소품가구,370.0,1923251.0,5197.98,41063,1830441.0
블루투스셋,530.0,1936196.0,3653.2,113906,553883.0
토시,9880.0,1942548.0,196.61,5496,3878768.0
바늘,4410.0,1945483.0,441.15,3557,1909400.0
브라팬티세트,3810.0,1951980.0,512.33,49190,281407.0
올인원,14800.0,1953902.0,132.02,19652,10835387.0
정수기,116800.0,1954038.0,16.73,379207,35791350.0
어항,29160.0,1957936.0,67.14,33381,289680.0
편의용품,70.0,1974498.0,28207.11,124424,13198303.0
레그,2240.0,1975069.0,881.73,423496,7317372.0
하이브리드,53300.0,1978822.0,37.13,492375,262440.0
현악기,7050.0,1980414.0,280.91,185213,6425627.0
납,8240.0,1981058.0,240.42,12795,6067348.0
PT,31710.0,1981575.0,62.49,1122168,612620.0
강아지장난감,18740.0,1983871.0,105.86,10576,2777001.0
점프슈트,13400.0,1989885.0,148.5,48617,17576604.0
내복,5190.0,2000124.0,385.38,13283,3532586.0
내의,1860.0,2000124.0,1075.34,13256,1450432.0
디저트,52150.0,2002738.0,38.4,12212,3618430.0
조화,41530.0,2024204.0,48.74,8315,1680956.0
자전거의류,9780.0,2029808.0,207.55,57569,5224448.0
명함지갑,25070.0,2030623.0,81.0,151168,9276490.0
워커,35850.0,2038280.0,56.86,83192,624563.0
멀티미디어,2980.0,2041419.0,685.04,101262,9458050.0
클러치백,26300.0,2060687.0,78.35,958529,10986560.0
남성화장품,9410.0,2063890.0,219.33,32012,4905480.0
면도기,45000.0,2109261.0,46.87,130845,262988.0
노트북키스킨,2750.0,2116189.0,769.52,9544,14029768.0
네일아트,102160.0,2119610.0,20.75,3158,2026802.0
안경테,48500.0,2120677.0,43.73,86075,12089141.0
휴대폰케이블,890.0,2124540.0,2387.12,7700,569870.0
밥,31420.0,2129882.0,67.79,11219,2801789.0
비니,25620.0,2137268.0,83.42,27513,7443817.0
댄스복,14070.0,2148594.0,152.71,15412,16075415.0
봉제인형,2990.0,2154491.0,720.57,20322,11010311.0
골프백,47270.0,2162527.0,45.75,228953,4611800.0
차렵이불,43780.0,2166754.0,49.49,58179,4842699.0
루어낚시,7400.0,2169391.0,293.16,77844,3036896.0
정장세트,2360.0,2169921.0,919.46,99111,732558.0
로션,13170.0,2183578.0,165.8,20126,6683146.0
비타민제,980.0,2187582.0,2232.23,29675,399154.0
라디오,49810.0,2193080.0,44.03,32036,582761.0
인덕션,120600.0,2193671.0,18.19,482268,3208290.0
여행소품,330.0,2197337.0,6658.6,9371,22923127.0
앞치마,83600.0,2205811.0,26.39,11771,1787259.0
민물낚시,3000.0,2206027.0,735.34,37033,1298804.0
빵,44870.0,2222320.0,49.53,12916,614109.0
선캡,2220.0,2224112.0,1001.85,21024,1070075.0
초콜릿,44270.0,2233446.0,50.45,9592,3740760.0
문화,17860.0,2244828.0,125.69,1659,516249.0
건조기,105600.0,2246729.0,21.28,620282,2232740.0
접착제,5200.0,2249478.0,432.59,5096,2663948.0
와이파이,26080.0,2252285.0,86.36,64822,4906276.0
CPU,26900.0,2265600.0,84.22,292209,2727916.0
파티복,1460.0,2274093.0,1557.6,42168,472528.0
클렌징,6020.0,2281493.0,378.99,10255,11649716.0
스키,9990.0,2285038.0,228.73,549500,15889119.0
방향,6130.0,2320356.0,378.52,8087,1939913.0
책장,88900.0,2328172.0,26.19,85132,12852787.0
스낵,4230.0,2329111.0,550.62,1820,418865.0
야외의자,8570.0,2334845.0,272.44,44526,7746569.0
세탁기,133900.0,2339398.0,17.47,503044,965755.0
등산화,80100.0,2339777.0,29.21,100711,301318.0
애니메이션,42090.0,2350099.0,55.84,24876,1141857.0
해외패키지,2890.0,2352421.0,813.99,396370,5377270.0
창,13360.0,2355131.0,176.28,33771,9854329.0
등산장비,1220.0,2357413.0,1932.31,30179,3242460.0
서랍장,102800.0,2358172.0,22.94,113963,3263085.0
낚싯대,2980.0,2373731.0,796.55,123745,6511936.0
라면,63100.0,2380748.0,37.73,6110,1984650.0
사료,15520.0,2385927.0,153.73,20856,503699.0
신생아,25250.0,2401691.0,95.12,37681,3079257.0
남성지갑,14930.0,2403432.0,160.98,222251,14494163.0
도시락,100200.0,2412449.0,24.08,29367,5278358.0
믹서기,63670.0,2413896.0,37.91,106240,1394913.0
헬스소품,90.0,2429105.0,26990.06,17712,3045377.0
넥타이,32020.0,2430623.0,75.91,31342,1149638.0
코디세트,950.0,2432189.0,2560.2,42653,3470124.0
아웃도어스포츠,200.0,2435428.0,12177.14,95404,29008787.0
음악,27300.0,2440021.0,89.38,16718,2047021.0
차음료,520.0,2457325.0,4725.62,10144,9746882.0
삼각대,29630.0,2461475.0,83.07,33247,1957666.0
액션,3450.0,2472361.0,716.63,48005,283800.0
아이소품,30.0,2473348.0,82444.93,8666,2225600.0
종교,10840.0,2476956.0,228.5,19077,5285948.0
전통,6520.0,2495954.0,382.82,8102,6709979.0
샤워기,35660.0,2499391.0,70.09,19064,2806160.0
차류,240.0,2507114.0,10446.31,11590,2459461.0
주전자,18500.0,2591877.0,140.1,27188,9433516.0
주얼리소품,30.0,2603190.0,86773.0,16077,27899599.0
비디오,5760.0,2606105.0,452.45,607104,11920320.0
칫솔,51690.0,2608492.0,50.46,9055,2555922.0
헤어소품,120.0,2617884.0,21815.7,17363,4242437.0
담요,36240.0,2643407.0,72.94,18371,427022.0
스펀지,14240.0,2643784.0,185.66,8311,1999616.0
장식인형,220.0,2663926.0,12108.75,12568,80887454.0
휴대폰충전기,8130.0,2678486.0,329.46,28505,11758318.0
쿠키,58280.0,2683575.0,46.05,11181,10263785.0
만화,44300.0,2686532.0,60.64,43795,1638640.0
음식,28330.0,2698596.0,95.26,10980,9615800.0
조립,3390.0,2698963.0,796.15,26650,6412271.0
바디용품,680.0,2709382.0,3984.39,18197,3000430.0
포크,13910.0,2737214.0,196.78,10126,641325.0
코스튬의상,4870.0,2738318.0,562.28,21188,1699384.0
유니폼,30200.0,2746193.0,90.93,31725,6347224.0
바다낚시,11110.0,2748440.0,247.38,8619,1193230.0
히터,7250.0,2777041.0,383.04,87114,1967692.0
CD,12590.0,2779169.0,220.74,41864,6913695.0
교육,21090.0,2797376.0,132.64,26299,14778921.0
학습교구,210.0,2807617.0,13369.6,28930,367712.0
매트리스,166300.0,2822128.0,16.97,181511,146465.0
화장지,31820.0,2835852.0,89.12,14914,619448.0
코스튬플레이,260.0,2868815.0,11033.9,22382,2316601.0
강아지간식,38310.0,2869060.0,74.89,8559,78808.0
프로젝터,7610.0,2877007.0,378.06,573105,5486412.0
일체형,1350.0,2881728.0,2134.61,924216,3428196.0
앰프,16110.0,2884358.0,179.04,354938,41802769.0
캔들용품,70.0,2884383.0,41205.47,15581,6538691.0
독일,102600.0,2885995.0,28.13,22540,343012.0
워머,8720.0,2897616.0,332.3,11112,10537917.0
기타악기,90.0,2944288.0,32714.31,325143,5673325.0
작동완구,100.0,2955781.0,29557.81,34018,7350000.0
휴지통,23930.0,2958422.0,123.63,34850,2236908.0
헤어핀,19020.0,2987794.0,157.09,5376,7567021.0
미디어,17850.0,2989873.0,167.5,281833,8593783.0
등산가방,41930.0,2992958.0,71.38,75045,3933666.0
골프필드용품,750.0,3000547.0,4000.73,9351,1218728.0
타일,29740.0,3003210.0,100.98,22443,37937.0
발매트,46390.0,3013781.0,64.97,10633,605777.0
생활선물세트,1180.0,3023509.0,2562.3,19392,1990144.0
렌즈용품,60.0,3030347.0,50505.78,2922,1231331.0
데코스티커,1600.0,3033305.0,1895.82,4546,1313591.0
머플러,14940.0,3057039.0,204.62,72028,1277089.0
목도리,14080.0,3057190.0,217.13,58728,2855640.0
기능화,90.0,3060582.0,34006.47,48526,1138295.0
화장대,84700.0,3078312.0,36.34,158697,937990.0
가족,25700.0,3111313.0,121.06,22685,4765627.0
옷걸이,63000.0,3148734.0,49.98,6061,1146583.0
사파리모자,3730.0,3153946.0,845.56,25108,2329674.0
앨범,19810.0,3155014.0,159.26,13698,5184970.0
MTB,11920.0,3156364.0,264.8,1159641,9469385.0
노트북가방,48240.0,3162132.0,65.55,21365,21669484.0
잉크,8560.0,3178756.0,371.35,18767,331533.0
옷장,72700.0,3187212.0,43.84,240521,695036.0
목재,15220.0,3202390.0,210.41,7921,4376188.0
실내화,43660.0,3209977.0,73.52,5212,7593761.0
수예용품,180.0,3234625.0,17970.14,2809,10305866.0
남성벨트,16960.0,3234763.0,190.73,30592,674522.0
디스크,15650.0,3289840.0,210.21,40743,800484.0
플래시,28990.0,3299556.0,113.82,212105,4351946.0
해외여행,72200.0,3307886.0,45.82,394096,3581985.0
색조화장품,2570.0,3322952.0,1292.98,14897,8279720.0
프라이팬,24360.0,3328158.0,136.62,32731,3353752.0
클리너,2510.0,3347769.0,1333.77,12264,6481356.0
여성벨트,16320.0,3350269.0,205.29,29277,2441083.0
헤어밴드,44250.0,3365463.0,76.06,6397,47259183.0
그래픽,10330.0,3367050.0,325.95,613359,229893.0
남성양말,7220.0,3372395.0,467.09,6788,1517798.0
용지,2250.0,3391578.0,1507.37,9742,8506691.0
디자인문패,110.0,3405465.0,30958.77,9616,2718987.0
절삭공구,1070.0,3426309.0,3202.16,75394,4363215.0
포스터,29360.0,3431379.0,116.87,8722,1118612.0
제빵용품,400.0,3441505.0,8603.76,7910,8154765.0
웨어러블디바이스,1100.0,3441882.0,3128.98,267330,4296738.0
간편조리식품,800.0,3442327.0,4302.91,14612,3760652.0
헤어케어,1110.0,3476149.0,3131.67,17778,13665043.0
비치웨어,12300.0,3545199.0,288.23,27624,1558947.0
여성지갑,15650.0,3559430.0,227.44,210659,78642.0
공기정화기,750.0,3560973.0,4747.96,430108,3001441.0
휴대폰보호필름,1490.0,3564324.0,2392.16,9400,7926828.0
슬립온,34290.0,3616858.0,105.48,55816,443541.0
캔,7490.0,3620365.0,483.36,5566,1400110.0
화장품세트,5830.0,3625752.0,621.91,62853,476833.0
파일,20210.0,3657148.0,180.96,2473,6760443.0
피트니스,16080.0,3667303.0,228.07,22733,20087026.0
아로마,9450.0,3714624.0,393.08,22792,903140.0
상하세트,1110.0,3734221.0,3364.16,35464,11455750.0
설비공구,150.0,3734243.0,24894.95,2379,7057059.0
선풍기,98600.0,3734337.0,37.87,58461,785504.0
방석,38850.0,3735195.0,96.14,9938,20669300.0
세제,43350.0,3746554.0,86.43,10758,4867361.0
과학,18700.0,3794878.0,202.93,5563,10394633.0
댄스,10700.0,3796308.0,354.8,16681,5530403.0
헬멧,24760.0,3814268.0,154.05,90097,5047159.0
솔,8470.0,3817958.0,450.76,6350,25080081.0
미술놀이,1670.0,3847933.0,2304.15,6438,4081468.0
다리,9830.0,3860387.0,392.71,10108,10411385.0
골프잡화,100.0,3871735.0,38717.35,42346,12717221.0
이동,4370.0,3874971.0,886.72,32504,15961828.0
키홀더,15080.0,3896775.0,258.41,9941,9164842.0
사무기기,720.0,3915257.0,5437.86,51925,3883674.0
세정제,2830.0,3916643.0,1383.97,11795,654330.0
목욕용품,1420.0,3933857.0,2770.32,13487,2080043.0
페인트용품,280.0,3950038.0,14107.28,5914,307416.0
수건,77700.0,3961439.0,50.98,12019,4508287.0
게이지,6510.0,3966461.0,609.29,17717,5926251.0
마이크,33330.0,4006586.0,120.21,91967,6589080.0
샴푸,89300.0,4040369.0,45.24,16220,692288.0
소품걸이,260.0,4059384.0,15613.02,3756,644779.0
보안용품,180.0,4080928.0,22671.82,62799,1385773.0
수전용품,140.0,4081422.0,29153.01,26457,6363192.0
원단,22420.0,4090692.0,182.46,5250,4266047.0
안경,78620.0,4091655.0,52.04,80451,1995098.0
스카프,55490.0,4139815.0,74.6,23909,266413.0
솥,5510.0,4186977.0,759.89,58859,45445378.0
와인용품,890.0,4236011.0,4759.56,19279,10131505.0
제과,3960.0,4238381.0,1070.3,12232,1807818.0
슬링,6880.0,4286472.0,623.03,53637,1305033.0
캠핑가구,410.0,4297324.0,10481.28,77133,2951392.0
초경량,490.0,4363513.0,8905.13,66386,129606.0
마우스,70400.0,4385528.0,62.29,45306,1188738.0
타이어,99200.0,4406083.0,44.42,82314,19215675.0
가구부속품,470.0,4451865.0,9472.05,8779,4596977.0
여성양말,9550.0,4460753.0,467.09,4708,1091183.0
봉투,9670.0,4501624.0,465.52,4445,6934988.0
몰딩,21840.0,4507081.0,206.37,5360,925685.0
바디케어,2300.0,4508459.0,1960.2,12728,34199669.0
헤드폰,35850.0,4510774.0,125.82,177543,1782139.0
레깅스,34840.0,4539249.0,130.29,17657,1050252.0
요리,16020.0,4553415.0,284.23,9901,1949209.0
노트북보호필름,1750.0,4627549.0,2644.31,22393,1080219.0
네트워크,11140.0,4636150.0,416.17,94289,6100582.0
남방,19190.0,4669287.0,243.32,24983,2806238.0
용접공구,200.0,4695320.0,23476.6,106066,1910153.0
훈련,17700.0,4761789.0,269.03,39822,3231474.0
주니어,9330.0,4768182.0,511.06,22302,52187564.0
리빙용품,320.0,4777693.0,14930.29,11949,15762470.0
키보드,126100.0,4778771.0,37.9,95379,1555797.0
보안,12110.0,4806647.0,396.92,66616,4585674.0
시트지,43400.0,4823066.0,111.13,4831,15690259.0
휴대폰거치대,29540.0,4827751.0,163.43,11323,16663082.0
진열대,7270.0,4888737.0,672.45,45761,2646090.0
스피커,72700.0,4906384.0,67.49,32947,545196.0
휴대폰용품,100.0,4924115.0,49241.15,25080,23678118.0
행거,113800.0,4934794.0,43.36,37408,1452050.0
펌프스,9250.0,4946039.0,534.71,60177,5584619.0
에어컨,91700.0,4955976.0,54.05,1009455,2028953.0
야구모자,15680.0,5029474.0,320.76,27343,13194815.0
랜턴,20210.0,5031678.0,248.97,42235,1163139.0
봉,8280.0,5036038.0,608.22,5386,641522.0
PC케이스,4810.0,5055261.0,1050.99,57052,3950001.0
공예,8400.0,5069606.0,603.52,6531,1940515.0
젤,7420.0,5071220.0,683.45,25221,177326.0
학습,5810.0,5083425.0,874.94,39477,3968776.0
정,31030.0,5088275.0,163.98,13012,562633.0
이어폰,72800.0,5096794.0,70.01,24718,907825.0
모니터,94600.0,5124641.0,54.17,293973,441313.0
카트,45570.0,5204908.0,114.22,43399,4406072.0
패널,11710.0,5254452.0,448.71,25836,4712870.0
오디오,10940.0,5266584.0,481.41,459090,16843314.0
쿨러,10820.0,5282343.0,488.2,47490,5370291.0
우산,84000.0,5288734.0,62.96,12053,1978336.0
스킨케어,6340.0,5304548.0,836.68,20212,2043524.0
선글라스,77000.0,5313053.0,69.0,132095,3470735.0
주방수납용품,130.0,5346237.0,41124.9,15107,5614606.0
요가,60370.0,5366571.0,88.89,21565,4479888.0
취사용품,30.0,5412406.0,180413.53,19323,2567616.0
위생,3940.0,5441905.0,1381.19,5086,3181775.0
냉장고,253500.0,5445134.0,21.48,1785080,10882519.0
그립,69700.0,5454978.0,78.26,15788,526381.0
태블릿PC,40670.0,5478267.0,134.7,464700,3323876.0
자연,13560.0,5516140.0,406.79,24493,1113746.0
텐트,82900.0,5566270.0,67.14,409818,4818660.0
화분,74300.0,5602254.0,75.4,7868,555609.0
타월,8350.0,5606948.0,671.49,11609,736144.0
바구니,14500.0,5612782.0,387.09,5934,19998080.0
부자재,6400.0,5620188.0,878.15,1059,2056071.0
토너,19830.0,5625266.0,283.67,15634,7117760.0
가방소품,100.0,5640207.0,56402.07,6739,9764593.0
에어공구,910.0,5665070.0,6225.35,69253,2525046.0
어린이세트,90.0,5682536.0,63139.29,38742,1715294.0
수납장,80300.0,5688983.0,70.85,81821,15816.0
커튼,91800.0,5714113.0,62.25,27739,2803190.0
커피용품,3530.0,5725179.0,1621.86,30405,3506345.0
호스,14170.0,5726279.0,404.11,18182,1103683.0
낚시용품,15680.0,5729273.0,365.39,32157,4888707.0
조명용품,30.0,5741830.0,191394.33,45726,1974038.0
TV,85300.0,5778818.0,67.75,1092845,752319.0
슬립,26750.0,5781277.0,216.12,19955,20906722.0
데스크용품,650.0,5804801.0,8930.46,14046,18177791.0
크리스탈,47710.0,5855076.0,122.72,12491,1751975.0
잔,5500.0,5913968.0,1075.27,13860,9535235.0
페인트,52020.0,5954139.0,114.46,21030,3134020.0
자전거부품,3780.0,5987695.0,1584.05,19934,9040848.0
수영용품,4640.0,6061588.0,1306.38,25922,2372468.0
다이어리,46600.0,6088291.0,130.65,13341,18869710.0
펜던트,14040.0,6106061.0,434.9,124932,7352594.0
청소기,106500.0,6226057.0,58.46,390803,1991546.0
반지,67570.0,6255869.0,92.58,131902,26368748.0
시계소품,30.0,6268667.0,208955.57,42047,19026907.0
조리기구,840.0,6286262.0,7483.65,25728,560136.0
마스크,93800.0,6310283.0,67.27,6416,6277700.0
샤워,6460.0,6315684.0,977.66,16648,18947088.0
부속품,1430.0,6347997.0,4439.16,13115,4040489.0
목욕,4520.0,6374863.0,1410.37,31874,260856.0
과일,80800.0,6379014.0,78.95,24533,18097676.0
포장용품,3210.0,6487979.0,2021.18,2451,2539419.0
잠옷,79700.0,6540641.0,82.07,16720,4229862.0
러그,65600.0,6553172.0,99.9,27101,42227233.0
목공공구,2240.0,6558529.0,2927.91,100024,401572.0
세차용품,28170.0,6673124.0,236.89,60189,912621.0
베개,205800.0,6708375.0,32.6,24119,6062277.0
피규어,30670.0,6733634.0,219.55,23555,4562895.0
크림,795900.0,6773785.0,8.51,20787,1960394.0
러닝,15730.0,6801454.0,432.39,7471,551692.0
소형기계,30.0,6858313.0,228610.43,160213,3520420.0
블록,9080.0,6869777.0,756.58,82884,1120836.0
카페트,38350.0,6921979.0,180.49,28955,1671610.0
PC케이블,210.0,6943134.0,33062.54,10027,12774919.0
힐,7410.0,6974147.0,941.18,56487,8486519.0
모터,8860.0,6985017.0,788.38,41738,3453791.0
냄비,35890.0,7038038.0,196.1,51947,114825.0
태블릿,55100.0,7039705.0,127.76,536565,4119012.0
간식,37400.0,7048598.0,188.47,9415,3353016.0
원예공구,110.0,7059640.0,64178.55,27401,1327587.0
테이프,14240.0,7102851.0,498.8,5220,27841600.0
뷰티,10920.0,7140076.0,653.85,8787,1006582.0
리빙,8740.0,7140142.0,816.95,40431,3606931.0
헤어액세서리,240.0,7147054.0,29779.39,5669,11638513.0
자수,10200.0,7207574.0,706.62,12926,797246.0
충전기,31110.0,7222926.0,232.17,28006,3827076.0
프라모델,16370.0,7269696.0,444.09,57102,2419973.0
골프클럽,8180.0,7392610.0,903.74,734752,2720286.0
브라,30410.0,7424158.0,244.14,17777,1438751.0
휠,6020.0,7460462.0,1239.28,192993,370591.0
복합기,20140.0,7537576.0,374.26,232187,2324488.0
미술,11770.0,7612466.0,646.77,4942,5201160.0
악기,9470.0,7770306.0,820.52,311537,4956211.0
등산의류,380.0,7779833.0,20473.24,67371,48052800.0
캠코더,16500.0,7856849.0,476.17,532252,5357593.0
메이크업,20410.0,7922633.0,388.17,19398,2238719.0
프린터소모품,40.0,7948249.0,198706.22,13791,2072941.0
팔찌,89510.0,7949671.0,88.81,329608,1457703.0
필기도구,1060.0,7958096.0,7507.64,10659,485473.0
패션시계,1370.0,8205127.0,5989.14,134628,13624033.0
오토바이용품,4360.0,8234858.0,1888.73,64742,5937328.0
고양이건강,60.0,8266321.0,137772.02,21423,854359.0
캐릭터,96800.0,8369271.0,86.46,9065,11224273.0
토트백,60960.0,8493826.0,139.33,141410,579377.0
거울,32580.0,8531144.0,261.85,42411,1384766.0
자전거용품,13110.0,8542923.0,651.63,23278,4410569.0
식탁,106800.0,8548472.0,80.04,176928,10943930.0
패션용품,30.0,8552171.0,285072.37,21355,159030.0
홈웨어,15440.0,8560553.0,554.44,17206,3382506.0
칼,22180.0,8692478.0,391.91,74968,3414506.0
장갑,16010.0,8786771.0,548.83,19204,16889650.0
모형,3290.0,8844005.0,2688.15,24710,14489023.0
노트,19110.0,8893124.0,465.36,4672,449943.0
보드용품,80.0,8896432.0,111205.4,45020,7491037.0
손잡이,11470.0,8917761.0,777.49,7626,9386401.0
시트,5000.0,9184592.0,1836.92,43133,1968900.0
귀걸이,92410.0,9185339.0,99.4,37026,1975850.0
RC,6700.0,9279773.0,1385.04,50123,10164537.0
소파,81900.0,9295651.0,113.5,357542,2869533.0
스웨터,6490.0,9319823.0,1436.03,47236,30247595.0
팬티,32020.0,9344147.0,291.82,8733,4749808.0
골프의류,4990.0,9458772.0,1895.55,52800,5726793.0
오토바이부품,1960.0,9608283.0,4902.19,39927,1836559.0
카디건,3620.0,9626694.0,2659.31,59924,272313.0
게임,144800.0,9719774.0,67.13,14804,1735250.0
양말,103100.0,9805509.0,95.11,4692,4199045.0
블라우스,81220.0,9819315.0,120.9,37015,2212562.0
정리함,15060.0,9934842.0,659.68,12897,40009.0
취미,26000.0,9942987.0,382.42,12560,6539966.0
백팩,185800.0,9962505.0,53.62,66912,15828375.0
목걸이,102600.0,9967795.0,97.15,168952,4393167.0
프린터,34900.0,9972378.0,285.74,148888,435753.0
구두,48540.0,10052016.0,207.09,77457,209375.0
업소용,1970.0,10153721.0,5154.17,18857,359179.0
트레이닝복,22590.0,10229071.0,452.81,40296,6082207.0
젤리,33420.0,10367250.0,310.21,9436,36788259.0
점퍼,16450.0,10461403.0,635.95,64020,7501096.0
파티용품,19110.0,10527100.0,550.87,15860,2207154.0
파우치,57150.0,10594448.0,185.38,7858,9228620.0
스킨,15000.0,10844118.0,722.94,17275,2358401.0
코트,21930.0,10897688.0,496.93,107010,319032.0
보호필름,4160.0,11090559.0,2666.0,9535,2006747.0
정장,30890.0,11245396.0,364.05,95667,13987479.0
숄더백,52930.0,11268405.0,212.89,112309,1028461.0
이벤트,21240.0,11321262.0,533.02,14892,35802345.0
그림,45840.0,11349381.0,247.59,22066,1249521.0
측정공구,220.0,11430294.0,51955.88,96345,4228068.0
오일,10540.0,11692800.0,1109.37,16201,1851478.0
벨트,35170.0,11699408.0,332.65,47598,518980.0
조끼,25730.0,11773981.0,457.6,28750,8317474.0
슬리퍼,131400.0,11823360.0,89.98,35663,2053479.0
소모품,5500.0,11970204.0,2176.4,33707,8100281.0
커피,225700.0,12281073.0,54.41,15702,3455934.0
영양제,38610.0,12324462.0,319.2,17784,8084657.0
퍼즐,21150.0,12332413.0,583.09,12036,6583405.0
야외용품,80.0,12359257.0,154490.71,52857,4529984.0
출산,14780.0,12406855.0,839.44,41821,4145007.0
부츠,31690.0,12436629.0,392.45,81161,2661986.0
꽃,83400.0,12465078.0,149.46,9614,2448098.0
전자,9890.0,12494768.0,1263.37,110493,126212833.0
주방잡화,110.0,12636018.0,114872.89,7515,1481381.0
사진,42500.0,12730326.0,299.54,19382,2179562.0
배터리,37780.0,12829298.0,339.58,46641,947120.0
청바지,69120.0,12922881.0,186.96,37135,2022635.0
장식소품,360.0,13072713.0,36313.09,16074,2563169.0
안전용품,11180.0,13234104.0,1183.73,17015,1919463.0
책상,112800.0,13458104.0,119.31,112749,10734436.0
지갑,55760.0,13798377.0,247.46,112983,2552326.0
샌들,31330.0,13982696.0,446.3,55467,3046334.0
액자,51800.0,13996243.0,270.2,21027,24117581.0
크로스백,156200.0,13996481.0,89.61,115315,4293043.0
단화,24650.0,14073865.0,570.95,60877,6114909.0
침대,174800.0,14229798.0,81.41,578331,4572093.0
전동공구,5780.0,14731503.0,2548.7,96196,16587721.0
필름,20540.0,14857095.0,723.32,14918,9700431.0
선반,82900.0,14938786.0,180.2,19958,2777232.0
쿠션,51440.0,15238090.0,296.23,23797,8922892.0
램프,10940.0,15286092.0,1397.27,13891,19838025.0
강아지건강,120.0,15356500.0,127970.83,28250,2677646.0
헤드,11990.0,15991605.0,1333.75,79212,6701403.0
스니커즈,84500.0,15992267.0,189.26,93982,3205197.0
건강식품,10490.0,16026559.0,1527.79,28799,5527722.0
스커트,27080.0,16130182.0,595.65,40648,2505330.0
컵,14660.0,16170757.0,1103.05,18289,18573649.0
스쿠터,45160.0,16390696.0,362.95,3539937,1551558.0
튜닝용품,110.0,16457004.0,149609.13,37891,36041527.0
헤어,41210.0,16497248.0,400.32,15261,3029414.0
청소,11500.0,16709295.0,1452.98,11972,4659020.0
카메라,50420.0,16836872.0,333.93,44922,2131554.0
식기,5630.0,17015279.0,3022.25,36291,1202205.0
스티커,38100.0,17413850.0,457.06,3874,1510541.0
의자,107200.0,17460675.0,162.88,112934,5263529.0
생활소품,300.0,17566007.0,58553.36,13228,507391.0
노트북,220500.0,17698737.0,80.27,1255910,7970754.0
시계,369700.0,17710498.0,47.91,158661,13987479.0
운동화,152600.0,17788696.0,116.57,70458,1907407.0
스탠드,36870.0,18219345.0,494.15,27320,1639014.0
스트링,8480.0,18393894.0,2169.09,12553,7687556.0
에어,10740.0,18591610.0,1731.06,84717,8134658.0
주변기기,2840.0,18617566.0,6555.48,81694,6260793.0
여행,90600.0,18632014.0,205.65,457951,1650957.0
카드,24010.0,20186146.0,840.74,55637,391662.0
오토바이,87300.0,20320285.0,232.76,3502426,21342450.0
기계,8030.0,20442643.0,2545.78,70979,2912861.0
언더웨어,5920.0,20448772.0,3454.18,34519,15346597.0
보드,14450.0,20460068.0,1415.92,353558,13481679.0
자전거,178400.0,20573795.0,115.32,975693,183557.0
생활잡화,460.0,20574875.0,44727.99,15801,24837726.0
팩,11280.0,20807863.0,1844.67,12826,358678.0
패드,23540.0,20958170.0,890.32,45249,5496323.0
매트,53990.0,21026622.0,389.45,25233,14909912.0
수작업공구,40.0,21106464.0,527661.6,6135,1611758.0
모자,77430.0,21407696.0,276.48,26595,8031456.0
테이블,46230.0,21512926.0,465.35,95067,2590181.0
보관,3730.0,21929469.0,5879.21,10198,9516009.0
조명,91100.0,21975822.0,241.23,20041,3282117.0
수납용품,280.0,22262347.0,79508.38,12810,6349339.0
기타,48400.0,23379830.0,483.05,319549,5289904.0
손,15080.0,23556025.0,1562.07,46519,3378392.0
무선,1990.0,23586689.0,11852.61,152923,1520130.0
홀더,6170.0,24480815.0,3967.72,5306,8138123.0
패션소품,160.0,24803410.0,155021.31,25708,6333207.0
니트,43840.0,25344476.0,578.11,49872,5201624.0
재킷,3640.0,25689199.0,7057.47,79312,10205006.0
전기용품,2060.0,26189624.0,12713.41,15921,8886130.0
DIY용품,60.0,27577507.0,459625.12,7141,6207634.0
캠핑용품,106600.0,27758193.0,260.4,125035,4811005.0
면,8950.0,27881960.0,3115.3,24129,614450.0
드레스,20670.0,28077849.0,1358.39,69328,117385.0
원피스,560200.0,28454346.0,50.79,80601,1196254.0
유아,33960.0,32699447.0,962.88,27675,845913.0
휴대용,1660.0,33986432.0,20473.75,24226,2331532.0
컴퓨터,94700.0,34822042.0,367.71,654504,1913287.0
휴대폰케이스,55310.0,35905167.0,649.16,15217,1198996.0
미용,5320.0,37293884.0,7010.13,9771,4838854.0
인테리어용품,1210.0,43063597.0,35589.75,15711,51048523.0
어린이,15530.0,43406320.0,2795.0,42109,2519409.0
전기,32880.0,44921680.0,1366.23,14905,10520445.0
바지,28970.0,46616866.0,1609.14,23852,3393479.0
커버,6230.0,47662339.0,7650.46,19559,2162269.0
문구용품,1810.0,48965721.0,27052.88,10258,28209729.0
사무용품,14400.0,49649721.0,3447.9,10766,12057413.0
사무,2920.0,52055675.0,17827.29,56806,2216530.0
육아,9460.0,57429472.0,6070.77,63448,3345244.0
케이스,35650.0,62983549.0,1766.72,14680,3548634.0
티셔츠,37500.0,66224327.0,1765.98,20150,1123504.0
셔츠,41500.0,73199079.0,1763.83,25695,7961969.0
가방,142300.0,80620093.0,566.55,70369,7351847.0
신발,69120.0,85313270.0,1234.28,66961,20028944.0
건강,18970.0,92574845.0,4880.07,24904,5280952.0
세트,8510.0,96872780.0,11383.41,34160,16515593.0
소품,6030.0,100182631.0,16614.03,22149,5467965.0
액세서리,6600.0,119912673.0,18168.59,17490,2746515.0
인테리어,56100.0,127069427.0,2265.05,24267,9883181.0
레저,4430.0,148368359.0,33491.73,101085,5491324.0
남성,14270.0,154359937.0,10817.09,30348,1224262.0
스포츠,698700.0,164428528.0,235.33,113380,4837033.0
가전제품,11970.0,174402263.0,14569.95,222308,6630000.0
가전,4650.0,179264270.0,38551.46,204690,2221863.0
잡화,4600.0,240755648.0,52338.18,49864,7031305.0
의류,5360.0,266761395.0,49768.92,32334,11769068.0
여성,6830.0,273371280.0,40025.08,41623,8945523.0
패션,20730.0,423405866.0,20424.79,43719,5420470.0
생활,4650.0,467694995.0,100579.57,18904,3676890.0
