relative_keyword,total_search,total_store_count,competitive_rate
티셔츠,37500.0,66224327.0,1765.98
카디건,3620.0,9626694.0,2659.31
원피스,560200.0,28454346.0,50.79
니트,43840.0,25344476.0,578.11
스웨터,6490.0,9319823.0,1436.03
셔츠,41500.0,73199079.0,1763.83
블라우스,81220.0,9819315.0,120.9
재킷,3640.0,25689199.0,7057.47
점퍼,16450.0,10461403.0,635.95
코트,21930.0,10897688.0,496.93
청바지,69120.0,12922881.0,186.96
레깅스,34840.0,4539249.0,130.29
스커트,27080.0,16130182.0,595.65
바지,28970.0,46616866.0,1609.14
트레이닝복,22590.0,10229071.0,452.81
단체복,8500.0,694686.0,81.73
한복,85200.0,1035101.0,12.15
조끼,25730.0,11773981.0,457.6
정장세트,2360.0,2169921.0,919.46
유니폼,30200.0,2746193.0,90.93
파티복,1460.0,2274093.0,1557.6
코디세트,950.0,2432189.0,2560.2
레인코트,10740.0,1682636.0,156.67
점프슈트,13400.0,1989885.0,148.5
브라,30410.0,7424158.0,244.14
잠옷,79700.0,6540641.0,82.07
홈웨어,15440.0,8560553.0,554.44
팬티,32020.0,9344147.0,291.82
브라팬티세트,3810.0,1951980.0,512.33
보정속옷,19680.0,1816325.0,92.29
캐미솔,4300.0,1076260.0,250.29
슬립,26750.0,5781277.0,216.12
속치마,5610.0,232227.0,41.4
러닝,15730.0,6801454.0,432.39
티셔츠,37500.0,66224352.0,1765.98
속바지,9830.0,912269.0,92.8
스웨터,6490.0,9319834.0,1436.03
니트,43840.0,25344533.0,578.11
셔츠,41500.0,73199079.0,1763.83
남방,19190.0,4669287.0,243.32
재킷,3640.0,25689199.0,7057.47
카디건,3620.0,9626816.0,2659.34
점퍼,16450.0,10461539.0,635.96
청바지,69120.0,12923220.0,186.97
바지,28970.0,46618369.0,1609.19
정장세트,2360.0,2169989.0,919.49
조끼,25730.0,11774355.0,457.61
코트,21930.0,10898367.0,496.96
단체복,8500.0,694670.0,81.73
한복,85200.0,1035141.0,12.15
레인코트,10740.0,1682747.0,156.68
트레이닝복,22590.0,10229800.0,452.85
유니폼,30200.0,2746193.0,90.93
점프슈트,13400.0,1989885.0,148.5
코디세트,950.0,2432189.0,2560.2
러닝,15730.0,6802239.0,432.44
팬티,32020.0,9345377.0,291.86
잠옷,79700.0,6540988.0,82.07
홈웨어,15440.0,8561027.0,554.47
보정속옷,19680.0,1816325.0,92.29
부츠,31690.0,12436629.0,392.45
단화,24650.0,14073865.0,570.95
펌프스,9250.0,4946039.0,534.71
힐,7410.0,6974147.0,941.18
부티,11510.0,487286.0,42.34
워커,35850.0,2038280.0,56.86
슬리퍼,131400.0,11823360.0,89.98
실내화,43660.0,3209977.0,73.52
샌들,31330.0,13982696.0,446.3
운동화,152600.0,17788696.0,116.57
기능화,90.0,3060582.0,34006.47
털신,1470.0,300085.0,204.14
부츠,31690.0,12436629.0,392.45
모카신,4570.0,508271.0,111.22
운동화,152600.0,17788576.0,116.57
워커,35850.0,2038234.0,56.85
슬리퍼,131400.0,11823405.0,89.98
스니커즈,84500.0,15992267.0,189.26
실내화,43660.0,3209977.0,73.52
구두,48540.0,10052016.0,207.09
웰트화,290.0,164861.0,568.49
신발깔창,12110.0,1103365.0,91.11
기능화,90.0,3060582.0,34006.47
샌들,31330.0,13982696.0,446.3
보트슈즈,2050.0,494232.0,241.09
슬립온,34290.0,3616858.0,105.48
구둣주걱,350.0,119602.0,341.72
부츠키퍼,260.0,71486.0,274.95
신발끈,11910.0,265071.0,22.26
패드,23540.0,20958170.0,890.32
보호쿠션,180.0,910307.0,5057.26
백팩,185800.0,9962505.0,53.62
크로스백,156200.0,13996481.0,89.61
숄더백,52930.0,11268405.0,212.89
슈즈커버,210.0,605004.0,2880.97
토트백,60960.0,8493826.0,139.33
에코백,139400.0,2305945.0,16.54
힙색,51700.0,1847200.0,35.73
파우치,57150.0,10594448.0,185.38
클러치백,26300.0,2060687.0,78.35
크로스백,156200.0,13995239.0,89.6
백팩,185800.0,9963611.0,53.63
숄더백,52930.0,11268405.0,212.89
토트백,60960.0,8493826.0,139.33
가방소품,100.0,5640207.0,56402.07
에코백,139400.0,2305945.0,16.54
기내용캐리어,72420.0,1028416.0,14.2
힙색,51700.0,1847200.0,35.73
브리프케이스,7790.0,1029311.0,132.13
클러치백,26300.0,2060687.0,78.35
보스턴가방,2010.0,1542708.0,767.52
복대,18540.0,453778.0,24.48
중대형캐리어,80.0,698440.0,8730.5
이민,10880.0,112465.0,10.34
네임태그,940.0,467625.0,497.47
여권지갑,14830.0,297560.0,20.06
케이스,35650.0,62983549.0,1766.72
슈트케이스,2880.0,154401.0,53.61
여성지갑,15650.0,3559430.0,227.44
자물쇠,18090.0,1451980.0,80.26
캐리어커버,20850.0,277754.0,13.32
명함지갑,25070.0,2030623.0,81.0
동전지갑,20910.0,952401.0,45.55
머니클립,9550.0,300501.0,31.47
남성지갑,14930.0,2403432.0,160.98
카드,24010.0,20186146.0,840.74
통장지갑,2840.0,61120.0,21.52
남성벨트,16960.0,3234763.0,190.73
여성벨트,16320.0,3350269.0,205.29
열쇠지갑,940.0,279899.0,297.76
야구모자,15680.0,5029474.0,320.76
스냅백,11980.0,1224197.0,102.19
군모,3850.0,236959.0,61.55
멜빵,9270.0,1631467.0,175.99
비니,25620.0,2137268.0,83.42
귀달이모자,1820.0,560237.0,307.82
방울털모자,100.0,273735.0,2737.35
두건,8480.0,621760.0,73.32
귀마개,21240.0,975485.0,45.93
페도라,9550.0,744050.0,77.91
선캡,2220.0,2224112.0,1001.85
베레모,20520.0,574619.0,28.0
사파리모자,3730.0,3153946.0,845.56
헌팅캡,9030.0,384379.0,42.57
반다나,15880.0,527249.0,33.2
여성장갑,520.0,1621071.0,3117.44
토시,9880.0,1942548.0,196.61
암워머,1390.0,137619.0,99.01
남성장갑,200.0,1428183.0,7140.92
여성양말,9550.0,4460753.0,467.09
안경테,48500.0,2120677.0,43.73
선글라스,77000.0,5313053.0,69.0
선글라스케이스,4820.0,340188.0,70.58
소품,6030.0,100182631.0,16614.03
남성양말,7220.0,3372395.0,467.09
안경줄,8290.0,151819.0,18.31
안경케이스,7580.0,348203.0,45.94
가발,28970.0,1732537.0,59.8
헤어밴드,44250.0,3365463.0,76.06
안경소품,80.0,508172.0,6352.15
헤어끈,1310.0,1000301.0,763.59
손수건,23890.0,548853.0,22.97
스카프,55490.0,4139815.0,74.6
헤어핀,19020.0,2987794.0,157.09
머플러,14940.0,3057039.0,204.62
넥워머,7840.0,1159028.0,147.84
숄,8160.0,1043661.0,127.9
커프스,4710.0,492608.0,104.59
넥타이,32020.0,2430623.0,75.91
양산,92700.0,1403713.0,15.14
행커치프,2110.0,15654.0,7.42
스타킹,19610.0,1682445.0,85.8
넥케이프,1710.0,103179.0,60.34
우산,84000.0,5288734.0,62.96
키홀더,15080.0,3896775.0,258.41
와펜,21120.0,1346142.0,63.74
부채,25620.0,451835.0,17.64
브로치,12310.0,1326509.0,107.76
코르사주,1500.0,6518.0,4.35
라이터,24460.0,769873.0,31.47
한복소품,1340.0,162407.0,121.2
커플시계,3010.0,195272.0,64.87
시계수리용품,20.0,388841.0,19442.05
아동시계,910.0,316963.0,348.31
패션시계,1370.0,8205127.0,5989.14
시계소품,30.0,6268667.0,208955.57
골드바,54720.0,117291.0,2.14
목걸이,102600.0,9967795.0,97.15
귀걸이,92410.0,9185339.0,99.4
순금기념품,200.0,48043.0,240.22
실버바,6170.0,7219.0,1.17
반지,67570.0,6255869.0,92.58
팔찌,89510.0,7949671.0,88.81
발찌,9960.0,559252.0,56.15
펜던트,14040.0,6106061.0,434.9
주얼리세트,360.0,1506757.0,4185.44
주얼리소품,30.0,2603190.0,86773.0
로션,13170.0,2183578.0,165.8
스킨,15000.0,10844118.0,722.94
토너,19830.0,5625266.0,283.67
넥케어,270.0,21179.0,78.44
에센스,18970.0,1847537.0,97.39
페이스오일,4850.0,241814.0,49.86
화장품세트,5830.0,3625752.0,621.91
미스트,26570.0,1133100.0,42.65
크림,795900.0,6773785.0,8.51
아이케어,2690.0,700830.0,260.53
메이크업베이스,10890.0,132601.0,12.18
톤업크림,28440.0,68182.0,2.4
BB크림,6220.0,171955.0,27.65
CC크림,4970.0,32082.0,6.46
프라이머,36470.0,305560.0,8.38
트윈케이크,1130.0,33358.0,29.52
컨실러,19140.0,314089.0,16.41
파운데이션,32910.0,1041308.0,31.64
파우더,14510.0,3459376.0,238.41
립스틱,21990.0,1319785.0,60.02
립글로스,8540.0,299773.0,35.1
립라이너,4810.0,86436.0,17.97
립케어,970.0,239982.0,247.4
립틴트,5510.0,298458.0,54.17
아이라이너,13690.0,396847.0,28.99
아이브로,490.0,307875.0,628.32
아이섀도,440.0,746802.0,1697.28
블러셔,12240.0,222967.0,18.22
마스카라,14160.0,324478.0,22.92
하이라이터,14060.0,213761.0,15.2
쉐이딩,1230.0,171085.0,139.09
속눈썹영양제,46050.0,52519.0,1.14
클렌징폼,24130.0,711320.0,29.48
클렌징오일,48380.0,212715.0,4.4
클렌징젤,4550.0,191860.0,42.17
클렌징워터,16740.0,109602.0,6.55
클렌징크림,5620.0,163638.0,29.12
클렌징로션,2990.0,65521.0,21.91
립앤아이리무버,4130.0,67463.0,16.33
클렌징파우더,860.0,40353.0,46.92
클렌징티슈,11420.0,85288.0,7.47
스크럽,9430.0,641027.0,67.98
클렌징비누,1100.0,493372.0,448.52
필오프팩,4610.0,52938.0,11.48
워시오프팩,3250.0,119446.0,36.75
마스크시트,1460.0,633315.0,433.78
클렌징세트,50.0,154923.0,3098.46
필링,7540.0,656416.0,87.06
마사지크림,4130.0,107293.0,25.98
젤,7420.0,5071220.0,683.45
수면팩,3720.0,87457.0,23.51
코팩,11910.0,39214.0,3.29
마스크,93800.0,6310283.0,67.27
선스틱,9220.0,102499.0,11.12
선크림,55900.0,799657.0,14.31
선스프레이,2990.0,58238.0,19.48
선파우더,520.0,61537.0,118.34
팩세트,200.0,1235439.0,6177.2
쿠션,51440.0,15238090.0,296.23
스킨,15000.0,10844118.0,722.94
태닝,13830.0,148440.0,10.73
애프터선,1680.0,18027.0,10.73
로션,13170.0,2183598.0,165.8
에센스,18970.0,1847534.0,97.39
올인원,14800.0,1953902.0,132.02
크림,795900.0,6773861.0,8.51
아이케어,2690.0,700840.0,260.54
스크럽,9430.0,641027.0,67.98
클렌징,6020.0,2281493.0,378.99
선크림,55900.0,799657.0,14.31
필링,7540.0,656416.0,87.06
마스크,93800.0,6310283.0,67.27
쉐이빙폼,8990.0,115172.0,12.81
메이크업,20410.0,7922633.0,388.17
팩,11280.0,20807863.0,1844.67
남성청결제,11690.0,20050.0,1.72
남성화장품세트,1110.0,310127.0,279.39
남녀공용향수,670.0,539115.0,804.65
향수세트,420.0,222219.0,529.09
여성향수,3530.0,1485771.0,420.9
남성향수,4060.0,707118.0,174.17
바디크림,3940.0,973178.0,247.0
바디스크럽,16850.0,208708.0,12.39
바디클렌저,2210.0,874454.0,395.68
바디오일,11240.0,565602.0,50.32
바디미스트,16840.0,219071.0,13.01
바디파우더,480.0,136266.0,283.89
목욕비누,460.0,330751.0,719.02
핸드케어,220.0,1029367.0,4678.94
여성청결제,31440.0,98072.0,3.12
입욕제,16730.0,192871.0,11.53
풋케어,3040.0,351680.0,115.68
바디케어세트,120.0,390582.0,3254.85
제모제,1250.0,50115.0,40.09
바디슬리밍,440.0,238755.0,542.62
데오드란트,30200.0,216746.0,7.18
아로마테라피,8920.0,476379.0,53.41
트리트먼트,44500.0,953279.0,21.42
린스,11260.0,764317.0,67.88
바디로션,43750.0,937981.0,21.44
샤워코롱,5330.0,53229.0,9.99
샴푸,89300.0,4040369.0,45.24
헤어에센스,59350.0,469752.0,7.91
두피케어,9880.0,593437.0,60.06
탈모케어,1020.0,349934.0,343.07
헤어미스트,12390.0,122731.0,9.91
헤어팩,17570.0,453825.0,25.83
헤어왁스,6070.0,197995.0,32.62
헤어무스,1580.0,18951.0,11.99
헤어젤,3780.0,57829.0,15.3
헤어케어세트,20.0,287082.0,14354.1
헤어스프레이,25450.0,212201.0,8.34
염색약,54430.0,658835.0,12.1
파마약,5450.0,81967.0,15.04
네일아트,102160.0,2119610.0,20.75
매니큐어,21710.0,1493742.0,68.8
헤어글레이즈,860.0,15810.0,18.38
네일케어세트,830.0,700997.0,844.57
네일영양제,2320.0,81427.0,35.1
네일리무버,1640.0,132954.0,81.07
네일케어도구,70.0,1167352.0,16676.46
아이소품,30.0,2473348.0,82444.93
메이크업브러시,110.0,793932.0,7217.56
헤어소품,120.0,2617884.0,21815.7
타투,33030.0,666273.0,20.17
화장품케이스,2140.0,1190562.0,556.34
노트북가방,48240.0,3162132.0,65.55
노트북,220500.0,17698737.0,80.27
케이스,35650.0,62998486.0,1767.14
노트북보안기,40.0,323962.0,8099.05
노트북어댑터,1870.0,1248733.0,667.77
쿨러,10820.0,5282343.0,488.2
노트북보호필름,1750.0,4627549.0,2644.31
노트북받침대,11120.0,908678.0,81.72
노트북도난방지,400.0,96553.0,241.38
휴대폰케이스,55310.0,35905167.0,649.16
노트북키스킨,2750.0,2116189.0,769.52
휴대폰케이블,890.0,2124540.0,2387.12
휴대폰배터리,1780.0,1429365.0,803.01
휴대폰보호필름,1490.0,3564324.0,2392.16
휴대폰충전기,8130.0,2678486.0,329.46
휴대폰젠더,270.0,391713.0,1450.79
핸드셋,640.0,42220.0,65.97
휴대폰거치대,29540.0,4827751.0,163.43
휴대폰줄,2700.0,1391218.0,515.27
휴대폰렌즈,330.0,812640.0,2462.55
짐벌,19680.0,505843.0,25.7
웨어러블디바이스,1100.0,3441882.0,3128.98
휴대폰쿨링패드,20.0,46206.0,2310.3
베어본PC,1270.0,254963.0,200.76
브랜드PC,200.0,323748.0,1618.74
조립,3390.0,2698963.0,796.15
셀카봉,28600.0,472099.0,16.51
서버,6890.0,828856.0,120.3
모니터,94600.0,5124641.0,54.17
TV,85300.0,5778818.0,67.75
워크스테이션,4830.0,192573.0,39.87
디지털액자,9520.0,174471.0,18.33
사이니지,8730.0,44304.0,5.07
프로젝터,7610.0,2877007.0,378.06
영상플레이어,1960.0,327668.0,167.18
오디오,10940.0,5266584.0,481.41
홈시어터,5600.0,488286.0,87.19
리시버,4210.0,518261.0,123.1
마이크,33330.0,4006586.0,120.21
데크,14280.0,1146673.0,80.3
앰프,16110.0,2884358.0,179.04
오디오믹서,2190.0,330312.0,150.83
튜너,2350.0,251356.0,106.96
턴테이블,30240.0,663429.0,21.94
CD플레이어,43630.0,573079.0,13.13
스피커,72700.0,4906384.0,67.49
DAC,9410.0,285484.0,30.34
카세트플레이어,7350.0,109652.0,14.92
라디오,49810.0,2193080.0,44.03
MP3,19710.0,1083267.0,54.96
노래반주기,430.0,47435.0,110.31
PMP,6970.0,140908.0,20.22
MD플레이어,990.0,7983.0,8.06
MP3다운로드,2110.0,1722.0,0.82
헤드폰,35850.0,4510774.0,125.82
이어폰,72800.0,5096794.0,70.01
블루투스셋,530.0,1936196.0,3653.2
무선이어폰,89200.0,1687525.0,18.92
건조기,105600.0,2246729.0,21.28
탈수기,6020.0,335308.0,55.7
청소기,106500.0,6226057.0,58.46
세탁기,133900.0,2339398.0,17.47
다리미,30570.0,722448.0,23.63
디지털도어록,1460.0,224268.0,153.61
무전기,23360.0,498696.0,21.35
스탠드,36870.0,18219345.0,494.15
재봉틀,13630.0,775745.0,56.91
자외선소독기,2770.0,290001.0,104.69
손소독기,580.0,74383.0,128.25
보풀제거기,15320.0,170407.0,11.12
전화기,14370.0,490529.0,34.14
구강청정기,70.0,711649.0,10166.41
연수기,8840.0,40974.0,4.64
이온수기,1660.0,115688.0,69.69
핸드드라이어,3300.0,110431.0,33.46
해충퇴치기,4720.0,931237.0,197.3
업소용자외선소독기,150.0,79749.0,531.66
드라이어,3550.0,1290978.0,363.66
면도기,45000.0,2109261.0,46.87
전신건조기,450.0,23816.0,52.92
의류관리기,3950.0,66362.0,16.8
고데기,43760.0,492600.0,11.26
매직기,10460.0,111413.0,10.65
헤어롤,7360.0,182427.0,24.79
에어브러시,630.0,394001.0,625.4
코털제거기,28880.0,189196.0,6.55
눈썹정리기,25410.0,87718.0,3.45
피부케어기기,140.0,449711.0,3212.22
두피케어기기,100.0,108585.0,1085.85
손발톱정리기,40.0,479721.0,11993.02
DSLR카메라,7940.0,771101.0,97.12
제모기,12820.0,285739.0,22.29
이발기,4730.0,605776.0,128.07
캠코더,16500.0,7856849.0,476.17
카메라렌즈,3240.0,2626864.0,810.76
일반디카,90.0,172837.0,1920.41
렌즈용품,60.0,3030347.0,50505.78
미러리스디카,340.0,137368.0,404.02
필름카메라,48890.0,1214848.0,24.85
즉석카메라,7230.0,190657.0,26.37
카드리더기,7620.0,281554.0,36.95
메모리카드,12980.0,1401652.0,107.99
카메라가방,13780.0,1590279.0,115.4
그립,69700.0,5454978.0,78.26
삼각대,29630.0,2461475.0,83.07
헤드,11990.0,15991605.0,1333.75
카메라스트랩,6310.0,685633.0,108.66
케이스,35650.0,62993569.0,1767.0
플래시,28990.0,3299556.0,113.82
충전기,31110.0,7222926.0,232.17
조명용품,30.0,5741830.0,191394.33
배터리,37780.0,12829298.0,339.58
필름,20540.0,14857095.0,723.32
보호필름,4160.0,11090559.0,2666.0
카메라,50420.0,16836872.0,333.93
액션캠,46780.0,721810.0,15.43
김치냉장고,119700.0,220598.0,1.84
냉동고,87280.0,576854.0,6.61
냉장고,253500.0,5445134.0,21.48
전자레인지,149000.0,1808279.0,12.14
가스레인지,56830.0,694189.0,12.22
전기밥솥,37950.0,476928.0,12.57
가스레인지후드,2510.0,141254.0,56.28
오븐,29030.0,1889299.0,65.08
하이브리드,53300.0,1978822.0,37.13
핫플레이트,7860.0,129152.0,16.43
식기세척,330.0,372025.0,1127.35
하이라이트,52850.0,300049.0,5.68
인덕션,120600.0,2193671.0,18.19
전기포트,35580.0,1237516.0,34.78
토스터기,12590.0,233946.0,18.58
커피머신,115200.0,1466858.0,12.73
정수기,116800.0,1954038.0,16.73
건조기,105600.0,2246729.0,21.28
커피자판기,6460.0,69305.0,10.73
커피메이커,13020.0,727239.0,55.86
음식물처리기,134500.0,59651.0,0.44
제빵기,8990.0,138225.0,15.38
진공포장기,50020.0,371716.0,7.43
전기그릴,27650.0,540438.0,19.55
생선그릴,2740.0,100041.0,36.51
반죽기,12010.0,321999.0,26.81
쥬서기,1670.0,194361.0,116.38
거품,2440.0,1843219.0,755.42
믹서기,63670.0,2413896.0,37.91
녹즙기,5590.0,139636.0,24.98
분쇄기,10680.0,1617859.0,151.48
빙수기,2080.0,194507.0,93.51
요구르트제조기,3730.0,109549.0,29.37
식품건조기,20350.0,242086.0,11.9
핸드블렌더,4600.0,317068.0,68.93
홍삼제조기,1000.0,47691.0,47.69
아이스크림제조기,540.0,121718.0,225.4
전기쿠커,2950.0,510339.0,173.0
죽제조기,1830.0,64610.0,35.31
전기팬,4290.0,833747.0,194.35
튀김기,30160.0,228663.0,7.58
업소용튀김기,4940.0,108223.0,21.91
탄산수제조기,11420.0,33819.0,2.96
업소용음식물처리기,3070.0,7088.0,2.31
와플제조기,20.0,230560.0,11528.0
반죽기,12010.0,321999.0,26.81
업소용믹서기,1830.0,183889.0,100.49
업소용빙수기,90.0,88855.0,987.28
업소용진공포장기,4280.0,120400.0,28.13
내비게이션,26160.0,1658286.0,63.39
에어프라이어,196900.0,440135.0,2.24
액세서리,6600.0,119912673.0,18168.59
블랙박스,149100.0,909014.0,6.1
액세서리,6600.0,119912673.0,18168.59
후방카메라,23820.0,734196.0,30.82
하이패스,263400.0,66271.0,0.25
전방,3940.0,430090.0,109.16
GPS,14510.0,1893644.0,130.51
자동차TV,180.0,352290.0,1957.17
모니터,94600.0,5124626.0,54.17
카팩,2040.0,81183.0,39.8
헤드유닛,270.0,419397.0,1553.32
방음,3910.0,797507.0,203.97
전기매트,25400.0,772582.0,30.42
핸즈프리,3450.0,666559.0,193.21
방석,38850.0,3735195.0,96.14
담요,36240.0,2643407.0,72.94
온풍기,15490.0,725130.0,46.81
전기요,19400.0,258282.0,13.31
장판,42680.0,491602.0,11.52
에어커튼,9640.0,74233.0,7.7
라디에이터,20790.0,1018279.0,48.98
업소용냉온풍기,420.0,51068.0,121.59
보일러,19130.0,461998.0,24.15
온수기,9710.0,386337.0,39.79
제습기,136800.0,446087.0,3.26
냉온풍기,7470.0,129186.0,17.29
가습기,72800.0,1078458.0,14.81
컨벡터,1120.0,28490.0,25.44
에어컨,91700.0,4955976.0,54.05
선풍기,98600.0,3734337.0,37.87
온수매트,43940.0,116965.0,2.66
냉풍기,9880.0,314221.0,31.8
공기정화기,750.0,3560973.0,4747.96
KT,619600.0,1518210.0,2.45
LGU+,72300.0,226072.0,3.13
SKT,145200.0,60815.0,0.42
히터,7250.0,2777041.0,383.04
공기계,16230.0,134640.0,8.3
자급제폰,77800.0,121211.0,1.56
MVNO,3470.0,221.0,0.06
중고폰,78100.0,48284.0,0.62
선불폰,24630.0,3031.0,0.12
보이스레코더,1570.0,71733.0,45.69
전자사전,7160.0,27484.0,3.84
전자책,30400.0,81954.0,2.7
어학학습기,40.0,45193.0,1129.82
가정용게임기,2710.0,332186.0,122.58
휴대용게임기,5900.0,422313.0,71.58
PC게임,10720.0,1237867.0,115.47
게임타이틀,180.0,1772255.0,9845.86
손목받침대,3280.0,315017.0,96.04
마우스패드,49000.0,1289436.0,26.32
보안기,190.0,528207.0,2780.04
PC받침대,660.0,776354.0,1176.29
PC홀더,810.0,914899.0,1129.5
키보드키스킨,1680.0,563106.0,335.18
브라켓,22390.0,1440560.0,64.34
스티커,38100.0,17413850.0,457.06
케이블타이,22310.0,875892.0,39.26
정리함,15060.0,9934842.0,659.68
태블릿PC,40670.0,5478267.0,134.7
클리너,2510.0,3347769.0,1333.77
파우치,57150.0,10596120.0,185.41
DOCK,5860.0,917633.0,156.59
케이스,35650.0,62993569.0,1767.0
스탠드,36870.0,18219341.0,494.15
모니터받침대,45700.0,534031.0,11.69
모니터브라켓,1820.0,152145.0,83.6
터치펜,6280.0,671553.0,106.94
모니터어댑터,2100.0,355484.0,169.28
기타,48400.0,23379830.0,483.05
마우스,70400.0,4385528.0,62.29
키보드,126100.0,4778771.0,37.9
모니터암,60200.0,421362.0,7.0
게이밍키보드,26860.0,679649.0,25.3
복합기,20140.0,7537576.0,374.26
프린터,34900.0,9972378.0,285.74
태블릿,55100.0,7039705.0,127.76
액세서리,6600.0,119912673.0,18168.59
마우스세트,50.0,540763.0,10815.26
복합기,20140.0,7537576.0,374.26
스캐너,13700.0,897025.0,65.48
DVR,3010.0,350854.0,116.56
프린터소모품,40.0,7948249.0,198706.22
DIVX플레이어,80.0,5708.0,71.35
PC스피커,7830.0,708837.0,90.53
휴대용스피커,2460.0,942096.0,382.97
웹캠,10240.0,364202.0,35.57
PC헤드셋,920.0,528987.0,574.99
PC마이크,1190.0,632653.0,531.64
사운드카드,3920.0,357358.0,91.16
외장SSD,16330.0,352418.0,21.58
외장HDD,1110.0,526468.0,474.3
SSD,60200.0,1697973.0,28.21
USB메모리,6800.0,977410.0,143.74
HDD,11930.0,1489581.0,124.86
ODD,23820.0,110385.0,4.63
NAS,14080.0,153016.0,10.87
CPU,26900.0,2265600.0,84.22
RAM,13850.0,1843087.0,133.07
PC케이스,4810.0,5055261.0,1050.99
그래픽카드,47100.0,675429.0,14.34
PC케이블,210.0,6943134.0,33062.54
파워서플라이,9440.0,717740.0,76.03
메인보드,16270.0,1557073.0,95.7
공유기,34600.0,645376.0,18.65
랜카드,6000.0,608758.0,101.46
튜닝용품,110.0,16457004.0,149609.13
쿨러,10820.0,5282288.0,488.2
인터페이스카드,40.0,592633.0,14815.82
KVM스위치,5180.0,140202.0,27.07
KVM케이블,190.0,115489.0,607.84
AP,12160.0,1513643.0,124.48
라우터,15110.0,1132815.0,74.97
모뎀,6080.0,203156.0,33.41
무선모뎀,170.0,83333.0,490.19
블루투스동글,13930.0,312503.0,22.43
네트워크테스트기,50.0,118103.0,2362.06
리피터장비,20.0,207669.0,10383.45
스위칭허브,4460.0,444390.0,99.64
선택기,110.0,184854.0,1680.49
안테나,52700.0,1448422.0,27.48
보안,12110.0,4806647.0,396.92
프린터공유기,570.0,14142.0,24.81
운영체제,3230.0,78783.0,24.39
백신,14500.0,53897.0,3.72
개발툴,150.0,60947.0,406.31
회계,20850.0,87634.0,4.2
사무,2920.0,52055675.0,17827.29
멀티미디어,2980.0,2041419.0,685.04
그래픽,10330.0,3367050.0,325.95
망원경,35620.0,915251.0,25.69
천체망원경,26070.0,246301.0,9.45
쌍안경,7640.0,369208.0,48.33
유틸리티,24570.0,1309270.0,53.29
번역,1015900.0,75125.0,0.07
침대,174800.0,14229798.0,81.41
매트리스,166300.0,2822128.0,16.97
현미경,11330.0,565202.0,49.89
장롱,17730.0,1171990.0,66.1
협탁,33050.0,1579964.0,47.81
부부테이블,860.0,136442.0,158.65
화장대,84700.0,3078312.0,36.34
붙박이장,64420.0,1081526.0,16.79
거울,32580.0,8531144.0,261.85
TV거실장,5200.0,1098505.0,211.25
침실세트,60.0,847443.0,14124.05
테이블,46230.0,21512926.0,465.35
서랍장,102800.0,2358172.0,22.94
소파,81900.0,9295651.0,113.5
의자,107200.0,17460675.0,162.88
레인지대,260.0,652731.0,2510.5
장식장,21800.0,1418548.0,65.07
왜건,7520.0,1000353.0,133.03
식탁,106800.0,8548472.0,80.04
주방수납장,42460.0,1614511.0,38.02
그릇장,6620.0,217307.0,32.83
컵보드,430.0,136965.0,318.52
카트,45570.0,5204908.0,114.22
수납장,80300.0,5688983.0,70.85
선반,82900.0,14938786.0,180.2
행거,113800.0,4934794.0,43.36
공간박스,10520.0,552261.0,52.5
고가구,4100.0,136787.0,33.36
CD,12590.0,2779169.0,220.74
DVD장,430.0,66775.0,155.29
신발장,40860.0,1594592.0,39.03
나비장,1450.0,20437.0,14.09
우산꽂이,30700.0,577576.0,18.81
코너장,7900.0,165538.0,20.95
책상의자,27570.0,1143482.0,41.48
잡지꽂이,2370.0,372252.0,157.07
소품수납함,170.0,1280166.0,7530.39
책상,112800.0,13458104.0,119.31
책장,88900.0,2328172.0,26.19
책꽂이,42160.0,1251585.0,29.69
침대,174800.0,14229798.0,81.41
책상의자세트,1470.0,180310.0,122.66
옷장,72700.0,3187212.0,43.84
수납장,80300.0,5689024.0,70.85
의자,107200.0,17460726.0,162.88
행거,113800.0,4934822.0,43.36
소파,81900.0,9295651.0,113.5
서랍장,102800.0,2358191.0,22.94
의자,107200.0,17460748.0,162.88
책장,88900.0,2328190.0,26.19
소품가구,370.0,1923251.0,5197.98
책상,112800.0,13458112.0,119.31
야외테이블,20940.0,1727186.0,82.48
야외의자,8570.0,2334845.0,272.44
책꽂이,42160.0,1251581.0,29.69
사무,2920.0,52057187.0,17827.8
정원그네,830.0,334039.0,402.46
야외벤치,5460.0,523497.0,95.88
목재,15220.0,3202390.0,210.41
정자,18660.0,195038.0,10.45
바닥재,6060.0,1379103.0,227.57
손잡이,11470.0,8917761.0,777.49
가구부속품,470.0,4451865.0,9472.05
반제품,2280.0,195066.0,85.56
타일,29740.0,3003210.0,100.98
벽지,34980.0,1698822.0,48.57
시트지,43400.0,4823066.0,111.13
몰딩,21840.0,4507081.0,206.37
파벽돌,6300.0,55520.0,8.81
패널,11710.0,5254452.0,448.71
데코스티커,1600.0,3033305.0,1895.82
접착제,5200.0,2249478.0,432.59
스탠드,36870.0,18219509.0,494.16
리모델링,13000.0,636068.0,48.93
액자,51800.0,13996243.0,270.2
캔들용품,70.0,2884383.0,41205.47
조명,91100.0,21975822.0,241.23
아로마,9450.0,3714624.0,393.08
시계,369700.0,17710498.0,47.91
도어벨,5900.0,478712.0,81.14
우체통,18740.0,321773.0,17.17
장식인형,220.0,2663926.0,12108.75
디자인문패,110.0,3405465.0,30958.77
냉장고자석,7990.0,525649.0,65.79
인테리어창문,260.0,1707187.0,6566.1
인테리어파티션,2280.0,803085.0,352.23
인터폰박스,640.0,49366.0,77.13
화병,25960.0,1628945.0,62.75
전통공예소품,20.0,299056.0,14952.8
인테리어분수,300.0,427675.0,1425.58
앤틱소품,780.0,1905991.0,2443.58
워터볼,4870.0,265222.0,54.46
오르골,20710.0,549486.0,26.53
매트,53990.0,21026622.0,389.45
미술작품,7170.0,536269.0,74.79
베개,205800.0,6708375.0,32.6
침대커버,27940.0,1912337.0,68.44
홑이불,2130.0,321217.0,150.81
패드,23540.0,20961627.0,890.47
요,15950.0,804351.0,50.43
차렵이불,43780.0,2166754.0,49.49
스프레드,12390.0,388238.0,31.33
담요,36240.0,2643420.0,72.94
무릎담요,14540.0,563678.0,38.77
전기매트커버,900.0,54713.0,60.79
이불커버,15290.0,1742723.0,113.98
토퍼커버,7530.0,189328.0,25.14
침대커버세트,2930.0,587166.0,200.4
요이불세트,850.0,75581.0,88.92
토퍼,107200.0,1227270.0,11.45
베개솜,11920.0,450873.0,37.82
이불솜,4490.0,490754.0,109.3
이불패드세트,1130.0,801878.0,709.63
이불베개세트,900.0,1883643.0,2092.94
방석솜,1170.0,148973.0,127.33
쿠션솜,4530.0,471582.0,104.1
요솜,1920.0,33307.0,17.35
매트솜,150.0,48981.0,326.54
속통,80.0,145471.0,1818.39
러그,65600.0,6553172.0,99.9
대자리,1620.0,179776.0,110.97
쿨매트,8810.0,513856.0,58.33
왕골자리,160.0,45024.0,281.4
카페트,38350.0,6921979.0,180.49
발매트,46390.0,3013781.0,64.97
커튼,91800.0,5714113.0,62.25
로만셰이드,60.0,8905.0,148.42
한샘커튼,1330.0,3712.0,2.79
롤스크린,12100.0,334535.0,27.65
버티컬,13670.0,323597.0,23.67
캐노피,42700.0,1341823.0,31.42
바란스,2000.0,722024.0,361.01
블라인드,632900.0,1159043.0,1.83
대나무발,4170.0,101509.0,24.34
비즈발,1400.0,59106.0,42.22
실커튼,1610.0,81130.0,50.39
자바라,33630.0,862886.0,25.66
방석,38850.0,3735235.0,96.15
쿠션,51440.0,15238338.0,296.24
콤비블라인드,8140.0,129229.0,15.88
뜨개질,18900.0,1275389.0,67.48
자수,10200.0,7207574.0,706.62
원단,22420.0,4090692.0,182.46
펠트,9400.0,1602562.0,170.49
퀼트,11020.0,1358802.0,123.3
부자재,6400.0,5620188.0,878.15
수예용품,180.0,3234625.0,17970.14
국내분유,370.0,62815.0,169.77
보석십자수,59590.0,1361278.0,22.84
수입분유,970.0,39500.0,40.72
특수분유,960.0,17113.0,17.83
수입기저귀,140.0,49776.0,355.54
휴대용,1660.0,33986432.0,20473.75
혼합세트,60.0,649363.0,10822.72
캡형,40.0,504457.0,12611.42
물티슈캡,750.0,44533.0,59.38
업소용,1970.0,10153721.0,5154.17
물티슈워머,5250.0,7648.0,1.46
코인티슈,2550.0,50847.0,19.94
이유식재료,1520.0,24790.0,16.31
수제이유식,780.0,19318.0,24.77
유아과자,940.0,112081.0,119.24
유아두유,270.0,4760.0,17.63
젖병,18250.0,394522.0,21.62
젖병,18250.0,394523.0,21.62
노리개젖꼭지,800.0,35476.0,44.34
유축기,16010.0,29781.0,1.86
분유케이스,3140.0,8693.0,2.77
보틀워머,3920.0,15550.0,3.97
시트,5000.0,9184592.0,1836.92
수유쿠션,24470.0,55874.0,2.28
수유패드,12830.0,21858.0,1.7
수유가리개,1440.0,3277.0,2.28
휴대용,1660.0,33986432.0,20473.75
초경량,490.0,4363513.0,8905.13
절충형,450.0,27063.0,60.14
유모차용품,160.0,559445.0,3496.53
유모차,44820.0,1102593.0,24.6
일체형,1350.0,2881728.0,2134.61
아기띠,31140.0,57849.0,1.86
패드,23540.0,20961642.0,890.47
분리형,180.0,1885582.0,10475.46
힙시트,10660.0,16334.0,1.53
포대기,12420.0,133738.0,10.77
아기띠침받이,3730.0,5626.0,1.51
기저귀가방,63400.0,299911.0,4.73
처네,250.0,36736.0,146.94
망토,5410.0,687700.0,127.12
워머,8720.0,2897616.0,332.3
슬링,6880.0,4286472.0,623.03
미아방지용품,20.0,21089.0,1054.45
유아목욕가운,550.0,74154.0,134.83
유아샴푸캡,420.0,30090.0,71.64
유아욕조,1820.0,76708.0,42.15
유아목욕의자,350.0,25974.0,74.21
유아세면대,1620.0,25957.0,16.02
스펀지,14240.0,2643784.0,185.66
수도꼭지,33620.0,1649761.0,49.07
기저귀크림,1370.0,9963.0,7.27
유아목욕장난감,90.0,171024.0,1900.27
정리함,15060.0,9935079.0,659.7
유아로션,3160.0,94590.0,29.93
유아크림,880.0,176988.0,201.12
유아선크림,1050.0,45425.0,43.26
유아오일,240.0,58049.0,241.87
유아파우더,50.0,42664.0,853.28
유아비누,600.0,53011.0,88.35
유아바스,340.0,137879.0,405.53
유아입욕제,620.0,26468.0,42.69
샴푸,89300.0,4040403.0,45.25
색조화장품,2570.0,3322952.0,1292.98
바디용품,680.0,2709382.0,3984.39
혼합세트,60.0,649361.0,10822.68
유아변기,6270.0,107422.0,17.13
유아면봉,370.0,45605.0,123.26
커버,6230.0,47662339.0,7650.46
손톱깎이,25750.0,540618.0,20.99
기저귀휴지통,3200.0,50428.0,15.76
유아마스크,2720.0,235037.0,86.41
파우더통,1500.0,50724.0,33.82
유아손세정제,300.0,23284.0,77.61
분통,750.0,6907.0,9.21
콧물흡입기,19790.0,14671.0,0.74
키재기,3690.0,74882.0,20.29
제균스프레이,340.0,8014.0,23.57
투약기,140.0,11811.0,84.36
유아칫솔,8000.0,180501.0,22.56
유아치약,3980.0,79318.0,19.93
해열시트,880.0,11313.0,12.86
유아세탁세제,1410.0,50365.0,35.72
젖병소독기,32910.0,31096.0,0.94
얼룩제거제,11410.0,65642.0,5.75
혼합세트,60.0,649361.0,10822.68
젖병솔,5940.0,126616.0,21.32
젖병세정제,5920.0,31185.0,5.27
젖병건조대,9100.0,37690.0,4.14
장난감소독기,2120.0,20834.0,9.83
젖병집게,1600.0,12776.0,7.98
문닫힘방지,5070.0,218955.0,43.19
무릎보호대,141400.0,1134584.0,8.02
모서리보호대,13550.0,343196.0,25.33
안전문,12090.0,701809.0,58.05
머리보호대,1270.0,159433.0,125.54
콘센트안전커버,1720.0,80184.0,46.62
안전잠금장치,430.0,485520.0,1129.12
디딤대,1380.0,112577.0,81.58
모기밴드,3820.0,104666.0,27.4
유아책상,11540.0,101661.0,8.81
유아이유식의자,50.0,48584.0,971.68
유아침대,12040.0,243723.0,20.24
유아공부상,220.0,10945.0,49.75
유아의자,5410.0,247681.0,45.78
장난감정리함,21050.0,298727.0,14.19
기저귀정리함,2550.0,58847.0,23.08
유아옷걸이,1490.0,40802.0,27.38
유아소파,2210.0,99020.0,44.81
유아식기,3530.0,370696.0,105.01
유아스푼,280.0,296215.0,1057.91
유아컵,1450.0,370897.0,255.79
연습용젓가락,250.0,113009.0,452.04
포크,13910.0,2737214.0,196.78
과즙망,5520.0,6461.0,1.17
수유복,7390.0,76229.0,10.32
턱받이,16540.0,395868.0,23.93
조리기,190.0,165574.0,871.44
바지,28970.0,46623255.0,1609.36
요가복,60820.0,1876521.0,30.85
청바지,69120.0,12924585.0,186.99
트레이닝복,22590.0,10232473.0,452.96
원피스,560200.0,28456441.0,50.8
레깅스,34840.0,4539936.0,130.31
스타킹,19610.0,1682606.0,85.8
임부속옷,970.0,230385.0,237.51
스커트,27080.0,16132777.0,595.75
모유수유차,300.0,2392.0,7.97
산모방석,320.0,26664.0,83.32
임산부보호대,90.0,52177.0,579.74
임산부화장품,3950.0,37196.0,9.42
전자파차단앞치마,610.0,3172.0,5.2
겉싸개,12520.0,21335.0,1.7
속싸개,15350.0,82939.0,5.4
태교용품,100.0,39722.0,397.22
임산부바디필로우,10660.0,55863.0,5.24
낮잠이불,18130.0,157498.0,8.69
아기이불,10500.0,209700.0,19.97
유아베개,5110.0,183665.0,35.94
패드,23540.0,20961642.0,890.47
요,15950.0,804358.0,50.43
방수요,6590.0,100735.0,15.29
슬리핑백,3630.0,104185.0,28.7
보낭,240.0,6789.0,28.29
탯줄보관함,3440.0,6754.0,1.96
셀프촬영,1350.0,263579.0,195.24
기저귀케이크,4150.0,6318.0,1.52
유치보관함,5960.0,12699.0,2.13
돌잔치용품,240.0,103635.0,431.81
액자,51800.0,13996235.0,270.2
성장앨범,3250.0,29764.0,9.16
탯줄도장,32800.0,5733.0,0.17
성장카드,270.0,8873.0,32.86
손발도장,140.0,4711.0,33.65
바디슈트,6390.0,1122002.0,175.59
돌기념품,120.0,230456.0,1920.47
스패츠,4580.0,148698.0,32.47
레그,2240.0,1975069.0,881.73
신생아모자,8830.0,175118.0,19.83
배냇저고리,25600.0,172346.0,6.73
발싸개,1160.0,54517.0,47.0
롬퍼,2350.0,584950.0,248.91
손,15080.0,23556025.0,1562.07
가제손수건,6350.0,47819.0,7.53
세트,8510.0,96872780.0,11383.41
우주복,11560.0,501359.0,43.37
티셔츠,37500.0,66232041.0,1766.19
보닛,3480.0,693578.0,199.3
셔츠,41500.0,73205959.0,1764.0
남방,19190.0,4669357.0,243.32
블라우스,81220.0,9819696.0,120.9
조끼,25730.0,11775224.0,457.65
니트,43840.0,25347064.0,578.17
재킷,3640.0,25693820.0,7058.74
카디건,3620.0,9627851.0,2659.63
상하세트,1110.0,3734221.0,3364.16
원피스,560200.0,28455953.0,50.8
스웨터,6490.0,9321224.0,1436.24
청바지,69120.0,12924329.0,186.98
바지,28970.0,46622317.0,1609.33
레깅스,34840.0,4539846.0,130.31
코트,21930.0,10900873.0,497.08
점퍼,16450.0,10462720.0,636.03
정장,30890.0,11245396.0,364.05
트레이닝복,22590.0,10232283.0,452.96
공주드레스,7200.0,583763.0,81.08
스커트,27080.0,16132777.0,595.75
드레스,20670.0,28077849.0,1358.39
교복,21810.0,1141896.0,52.36
한복,85200.0,1035291.0,12.15
레인코트,10740.0,1682836.0,156.69
패밀리룩,12230.0,159680.0,13.06
점프슈트,13400.0,1990084.0,148.51
댄스복,14070.0,2148594.0,152.71
코스튬의상,4870.0,2738318.0,562.28
발레복,19600.0,211680.0,10.8
잠옷,79700.0,6541060.0,82.07
스키복,10770.0,271638.0,25.22
홈웨어,15440.0,8560923.0,554.46
내복,5190.0,2000124.0,385.38
내의,1860.0,2000124.0,1075.34
러닝,15730.0,6803259.0,432.5
수면조끼,12220.0,104893.0,8.58
브라,30410.0,7424834.0,244.16
브라팬티세트,3810.0,1952113.0,512.37
팬티,32020.0,9346022.0,291.88
속치마,5610.0,232280.0,41.4
가방,142300.0,80620093.0,566.55
지갑,55760.0,13798377.0,247.46
신발,69120.0,85313270.0,1234.28
속바지,9830.0,912238.0,92.8
배변훈련팬티,4980.0,28153.0,5.65
타이즈,4040.0,887531.0,219.69
귀마개,21240.0,975694.0,45.94
장갑,16010.0,8786771.0,548.83
양말,103100.0,9805509.0,95.11
모자,77430.0,21407696.0,276.48
목도리,14080.0,3057190.0,217.13
두건,8480.0,621788.0,73.32
앞치마,83600.0,2205811.0,26.39
토시,9880.0,1942729.0,196.63
스카프,55490.0,4139701.0,74.6
벨트,35170.0,11699408.0,332.65
선글라스,77000.0,5313332.0,69.0
넥타이,32020.0,2430715.0,75.91
멜빵,9270.0,1631535.0,176.0
우산,84000.0,5289291.0,62.97
여아수영복,7340.0,388095.0,52.87
남아수영복,5510.0,359809.0,65.3
수경,36880.0,1347701.0,36.54
헤어액세서리,240.0,7147054.0,29779.39
수영가방,42500.0,1031558.0,24.27
비치백,6970.0,817640.0,117.31
목걸이,102600.0,9967791.0,97.15
수모,23610.0,494525.0,20.95
귀마개,21240.0,975694.0,45.94
순금주얼리,400.0,405710.0,1014.28
팔찌,89510.0,7949882.0,88.82
펜던트,14040.0,6106242.0,434.92
순금돌반지,2730.0,29115.0,10.66
귀걸이,92410.0,9185433.0,99.4
보행기,19940.0,350198.0,17.56
쏘서,13050.0,96515.0,7.4
바운서,17900.0,41931.0,2.34
주얼리세트,360.0,1506780.0,4185.5
흔들침대,1020.0,76018.0,74.53
놀이방매트,14190.0,348451.0,24.56
작동완구,100.0,2955781.0,29557.81
점퍼루,10470.0,3058.0,0.29
물놀이용품,2770.0,1887213.0,681.3
미술놀이,1670.0,3847933.0,2304.15
승용완구,200.0,308490.0,1542.45
블록,9080.0,6869777.0,756.58
신생아,25250.0,2401691.0,95.12
어린이자전거,15540.0,447576.0,28.8
언어,10830.0,840773.0,77.63
유아,33960.0,32699447.0,962.88
역할놀이,3290.0,1646220.0,500.37
원목교구,2630.0,500626.0,190.35
가베,12980.0,416275.0,32.07
소꿉놀이,6760.0,1455798.0,215.35
음악,27300.0,2440021.0,89.38
과학완구,410.0,1263498.0,3081.7
자연,13560.0,5516140.0,406.79
악기놀이,190.0,406893.0,2141.54
캐릭터,96800.0,8369271.0,86.46
봉제인형,2990.0,2154491.0,720.57
캐릭터카드,850.0,943255.0,1109.71
딱지,6820.0,748946.0,109.82
DVD,6480.0,1885912.0,291.04
학습교구,210.0,2807617.0,13369.6
학습보드게임,80.0,165251.0,2065.64
비디오,5760.0,2606105.0,452.45
기타인형,60.0,110976.0,1849.6
닭고기,5350.0,703978.0,131.58
쇠고기,5490.0,1112051.0,202.56
돼지고기,25830.0,330840.0,12.81
알류,360.0,40725.0,113.12
양고기,42160.0,261882.0,6.21
생선,18010.0,1292384.0,71.76
오리고기,41470.0,145832.0,3.52
김,67160.0,1460966.0,21.75
축산가공식품,20.0,760054.0,38002.7
어패류,6920.0,258708.0,37.39
장류,650.0,944860.0,1453.63
젓갈,17290.0,213736.0,12.36
해산물,31450.0,416781.0,13.25
해초,6690.0,614132.0,91.8
잡곡,13960.0,535817.0,38.38
혼합곡,800.0,76093.0,95.12
건어물,14300.0,398301.0,27.85
쌀,71700.0,1534037.0,21.4
수산가공식품,50.0,74569.0,1491.38
견과류,81700.0,794539.0,9.73
건과류,4090.0,262116.0,64.09
채소,13160.0,1275509.0,96.92
과일,80800.0,6379014.0,78.95
절임류,220.0,123349.0,560.68
장조림,24720.0,59299.0,2.4
장아찌,10120.0,133176.0,13.16
조림류,30.0,27611.0,920.37
단무지,11440.0,39211.0,3.43
볶음류,100.0,34691.0,346.91
갓김치,33240.0,29804.0,0.9
총각김치,22250.0,47220.0,2.12
포기김치,8970.0,166791.0,18.59
반찬세트,360.0,222730.0,618.69
깍두기,25560.0,93067.0,3.64
겉절이,28400.0,16082.0,0.57
나박김치,13370.0,9425.0,0.7
묵은지,22180.0,31397.0,1.42
동치미,23860.0,51919.0,2.18
열무김치,45630.0,42660.0,0.93
절임배추,21130.0,20032.0,0.95
파김치,51620.0,24662.0,0.48
백김치,12500.0,24378.0,1.95
별미김치,910.0,43560.0,47.87
탄산수,61810.0,268217.0,4.34
탄산음료,5970.0,1264236.0,211.76
오이소박이,51270.0,8577.0,0.17
청량,4670.0,1144147.0,245.0
생수,93400.0,486238.0,5.21
건강,18970.0,92574845.0,4880.07
과즙음료,120.0,829319.0,6910.99
차류,240.0,2507114.0,10446.31
주스,8450.0,1727282.0,204.41
커피,225700.0,12281073.0,54.41
기능성음료,220.0,396907.0,1804.12
우유,37880.0,1851843.0,48.89
전통,6520.0,2495954.0,382.82
차음료,520.0,2457325.0,4725.62
두유,63740.0,547781.0,8.59
스무디,11950.0,311747.0,26.09
요구르트,23710.0,752817.0,31.75
파우더,14510.0,3459412.0,238.42
코코아,6040.0,377172.0,62.45
쿠키,58280.0,2683575.0,46.05
엿,9410.0,33083.0,3.52
사탕,20870.0,1388352.0,66.52
초콜릿,44270.0,2233446.0,50.45
스낵,4230.0,2329111.0,550.62
껌,7930.0,1200947.0,151.44
젤리,33420.0,10367250.0,310.21
팝콘,25730.0,408742.0,15.89
캐러멜,1980.0,491881.0,248.42
푸딩,25610.0,259249.0,10.12
한과,58500.0,207457.0,3.55
강정,8890.0,118943.0,13.38
전병,15310.0,67788.0,4.43
화과자,52030.0,75719.0,1.46
빙수,49680.0,540600.0,10.88
떡,62010.0,742278.0,11.97
빵,44870.0,2222320.0,49.53
아이스크림,117200.0,1189205.0,10.15
생크림,22110.0,115628.0,5.23
마가린,9120.0,14550.0,1.6
시리얼,22650.0,919579.0,40.6
케이크,101240.0,3506944.0,34.64
치즈,44110.0,1511771.0,34.27
피자,172100.0,831824.0,4.83
휘핑크림,13200.0,51890.0,3.93
버터,43310.0,1209548.0,27.93
연유,22460.0,32453.0,1.44
핫도그,44160.0,243206.0,5.51
딤섬,29130.0,70112.0,2.41
햄버거,117900.0,278791.0,2.36
만두,64510.0,956865.0,14.83
샐러드,157600.0,1183014.0,7.51
즉석국,2650.0,650368.0,245.42
즉석탕,80.0,634114.0,7926.42
튀김류,230.0,306130.0,1331.0
어묵,20890.0,281958.0,13.5
간편조리식품,800.0,3442327.0,4302.91
짜장,8850.0,178700.0,20.19
떡볶이,212000.0,380048.0,1.79
카레,49180.0,269278.0,5.48
도시락,100200.0,2412449.0,24.08
게살,3670.0,66710.0,18.18
맛살,6120.0,26819.0,4.38
누룽지,43660.0,271419.0,6.22
미트볼,7120.0,66615.0,9.36
함박,2330.0,63110.0,27.09
즉석밥,10440.0,590020.0,56.52
죽,50430.0,688477.0,13.65
건강환,440.0,563403.0,1280.46
정,31030.0,5088275.0,163.98
스프,13240.0,993488.0,75.04
한방재료,240.0,299809.0,1249.2
건강분말,80.0,1622853.0,20285.66
비타민제,980.0,2187582.0,2232.23
꿀,56530.0,1411614.0,24.97
인삼,30440.0,308806.0,10.14
홍삼,94500.0,680187.0,7.2
환자식,2470.0,104911.0,42.47
건강즙,1730.0,645833.0,373.31
과일즙,950.0,638737.0,672.35
영양제,38610.0,12324462.0,319.2
가르시니아,33940.0,145272.0,4.28
영양보충식,70.0,92488.0,1321.26
식이섬유,24290.0,301430.0,12.41
다이어트바,930.0,224533.0,241.43
다이어트차,7530.0,104473.0,13.87
콜라겐,120300.0,1064965.0,8.85
CLA,19230.0,272218.0,14.16
곤약,21870.0,161492.0,7.38
카테킨,12470.0,50519.0,4.05
잔티젠,18730.0,10182.0,0.54
히알루론산,39550.0,299132.0,7.56
와일드망고,700.0,11925.0,17.04
레몬밤,11880.0,60010.0,5.05
단백질보충제,78600.0,1324172.0,16.85
참치,84650.0,770686.0,9.1
연어,63740.0,551870.0,8.66
시네트롤,1280.0,4272.0,3.34
시서스,53100.0,51422.0,0.97
꽁치,8220.0,34613.0,4.21
옥수수,64410.0,860938.0,13.37
번데기,23570.0,33576.0,1.42
고등어,48380.0,205046.0,4.24
골뱅이,34470.0,76047.0,2.21
과일,80800.0,6378999.0,78.95
황도,16550.0,52793.0,3.19
햄,12130.0,906601.0,74.74
피클,14220.0,245328.0,17.25
콩,17150.0,1522363.0,88.77
세트,8510.0,96872804.0,11383.41
베이킹파우더,14540.0,39988.0,2.75
캔,7490.0,3620365.0,483.36
올리브,28680.0,1631355.0,56.88
호떡믹스,5110.0,9191.0,1.8
제빵재료,1260.0,274310.0,217.71
제과,3960.0,4238381.0,1070.3
제빵믹스,80.0,82132.0,1026.65
액젓,4970.0,85142.0,17.13
식초,16850.0,439220.0,26.07
고춧가루,64620.0,147495.0,2.28
고추냉이,6060.0,39431.0,6.51
후추,14500.0,523188.0,36.08
올리고당,15180.0,135459.0,8.92
물엿,7940.0,81388.0,10.25
천연감미료,580.0,53105.0,91.56
겨자,7610.0,78640.0,10.33
소금,97600.0,1323612.0,13.56
대두유,1940.0,48855.0,25.18
올리브유,50810.0,208730.0,4.11
카놀라유,27400.0,81561.0,2.98
설탕,37690.0,1136151.0,30.14
참기름,49880.0,197809.0,3.97
들기름,30970.0,107955.0,3.49
포도씨유,28300.0,54961.0,1.94
아보카도오일,49740.0,48708.0,0.98
해바라기씨유,13960.0,28208.0,2.02
파스타소스,6730.0,150491.0,22.36
케첩,3250.0,150541.0,46.32
마요네즈,31580.0,78522.0,2.49
스파게티,38490.0,618553.0,16.07
바베큐소스,4300.0,67541.0,15.71
돈가스소스,3430.0,41585.0,12.12
핫소스,9590.0,83289.0,8.68
스테이크,47010.0,817872.0,17.4
칠리,4020.0,210144.0,52.27
오리엔탈드레싱,15560.0,13250.0,0.85
발사믹드레싱,6080.0,57143.0,9.4
머스타드소스,4450.0,64151.0,14.42
굴소스,20940.0,42747.0,2.04
튀김가루,6150.0,47342.0,7.7
부침가루,8910.0,37105.0,4.16
빵가루,5640.0,30901.0,5.48
드레싱,11680.0,1697494.0,145.33
오트밀,109300.0,447926.0,4.1
쌀가루,10080.0,27555.0,2.73
찹쌀가루,6860.0,21891.0,3.19
콩가루,7350.0,78898.0,10.73
아몬드가루,13880.0,12494.0,0.9
밀가루,14640.0,382059.0,26.1
딸기잼,11990.0,99911.0,8.33
사과잼,3120.0,27754.0,8.9
초코잼,1140.0,15019.0,13.17
땅콩잼,5220.0,45375.0,8.69
커피시럽,5230.0,97083.0,18.56
초코시럽,2520.0,37620.0,14.93
메이플시럽,20660.0,35530.0,1.72
시럽,9580.0,794018.0,82.88
된장,19750.0,315718.0,15.99
간장,16630.0,603305.0,36.28
면류,250.0,1495770.0,5983.08
고추장,24190.0,274022.0,11.33
라면,63100.0,2380748.0,37.73
청국장,49220.0,76205.0,1.55
낫토,6510.0,139636.0,21.45
양념장,3060.0,215700.0,70.49
쌈장,12110.0,72661.0,6.0
메주,6720.0,68497.0,10.19
찌개,33130.0,765915.0,23.12
죽,50430.0,688482.0,13.65
국,36440.0,1363381.0,37.41
밥,31420.0,2129882.0,67.79
면,8950.0,27881960.0,3115.3
튀김,10430.0,1591725.0,152.61
볶음,1670.0,1036665.0,620.76
구이,2410.0,1675017.0,695.03
파스타,112410.0,915724.0,8.15
조림,2870.0,107322.0,37.39
간식,37400.0,7048598.0,188.47
디저트,52150.0,2002738.0,38.4
찜,5810.0,804639.0,138.49
전통주,27640.0,38500.0,1.39
양주,77900.0,329790.0,4.23
맥주,60940.0,1617262.0,26.54
수입와인,90.0,35274.0,391.93
사케,24450.0,173487.0,7.1
등산화,80100.0,2339777.0,29.21
등산가방,41930.0,2992958.0,71.38
등산의류,380.0,7779833.0,20473.24
등산장비,1220.0,2357413.0,1932.31
텐트,82900.0,5566270.0,67.14
타프,74900.0,1864170.0,24.89
캠핑용품,106600.0,27758193.0,260.4
침낭,57170.0,801964.0,14.03
캠핑매트,33810.0,1619765.0,47.91
천막,24050.0,1293717.0,53.79
랜턴,20210.0,5031678.0,248.97
타프용품,90.0,1716546.0,19072.73
캠핑가구,410.0,4297324.0,10481.28
캠핑왜건,1500.0,328273.0,218.85
취사용품,30.0,5412406.0,180413.53
아이스박스,75300.0,1351717.0,17.95
골프의류,4990.0,9458772.0,1895.55
골프연습용품,640.0,955896.0,1493.59
골프클럽,8180.0,7392610.0,903.74
골프잡화,100.0,3871735.0,38717.35
골프백,47270.0,2162527.0,45.75
골프공,56200.0,830910.0,14.78
골프화,62020.0,1853745.0,29.89
골프필드용품,750.0,3000547.0,4000.73
파크골프,56280.0,121265.0,2.15
로스트볼,53220.0,104662.0,1.97
자전거,178400.0,20573795.0,115.32
MTB,11920.0,3156364.0,264.8
잡화,4600.0,240755648.0,52338.18
자전거부품,3780.0,5987695.0,1584.05
자전거의류,9780.0,2029808.0,207.55
스키복,10770.0,271638.0,25.22
스키,9990.0,2285038.0,228.73
자전거용품,13110.0,8542923.0,651.63
보드복,7440.0,360099.0,48.4
스키장비,1520.0,220067.0,144.78
스키,9990.0,2285038.0,228.73
보드용품,80.0,8896432.0,111205.4
스노보드장비,50.0,141251.0,2825.02
낚싯대,2980.0,2373731.0,796.55
민물낚시,3000.0,2206027.0,735.34
루어낚시,7400.0,2169391.0,293.16
낚싯줄,570.0,667890.0,1171.74
낚시릴,4840.0,1298247.0,268.23
바다낚시,11110.0,2748440.0,247.38
낚시용품,15680.0,5729273.0,365.39
낚시의류,2910.0,1229739.0,422.59
낚시공구,150.0,730244.0,4868.29
남성수영복,6640.0,1278652.0,192.57
잡화,4600.0,240755648.0,52338.18
비치웨어,12300.0,3545199.0,288.23
여성수영복,26560.0,3746037.0,141.04
웨이트기구,310.0,1341649.0,4327.9
수영용품,4640.0,6061588.0,1306.38
러닝머신,11790.0,259489.0,22.01
진동운동기,540.0,42948.0,79.53
복근운동기구,10950.0,331086.0,30.24
거꾸리,7200.0,62025.0,8.61
헬스소품,90.0,2429105.0,26990.06
벨트마사지,650.0,79054.0,121.62
덤벨,39100.0,481678.0,12.32
아령,30170.0,481678.0,15.97
헬스사이클,700.0,242052.0,345.79
로잉머신,37340.0,91504.0,2.45
승마운동기,70.0,60691.0,867.01
일립티컬,9600.0,18148.0,1.89
트위스트,4090.0,1303980.0,318.82
줄넘기,29130.0,501974.0,17.23
스텝퍼,45920.0,525550.0,11.44
훌라후프,19530.0,130259.0,6.67
요가복,60820.0,1876560.0,30.85
요가링,15610.0,131104.0,8.4
케틀벨,21770.0,62235.0,2.86
요가매트,66500.0,728161.0,10.95
트램펄린,10160.0,221441.0,21.8
필라테스링,3830.0,104927.0,27.4
필라테스,228300.0,1857524.0,8.14
주니어,9330.0,4768182.0,511.06
롤러슈즈,1370.0,203105.0,148.25
스케이트보드,27570.0,1119602.0,40.61
아이스스케이트,1560.0,131336.0,84.19
인라인용품,70.0,279669.0,3995.27
스네이크보드,250.0,9197.0,36.79
핑거보드,4670.0,90734.0,19.43
킥보드,46230.0,1029787.0,22.28
트라이스키,60.0,845.0,14.08
오토바이,87300.0,20320285.0,232.76
오토바이용품,4360.0,8234858.0,1888.73
오토바이부품,1960.0,9608283.0,4902.19
오토바이의류,440.0,1201403.0,2730.46
전동휠,14000.0,394677.0,28.19
잡화,4600.0,240755648.0,52338.18
축구화,89350.0,743068.0,8.32
풋살화,93800.0,396851.0,4.23
축구가방,6150.0,465639.0,75.71
축구공,48870.0,483431.0,9.89
스쿠터,45160.0,16390696.0,362.95
축구장갑,1230.0,230954.0,187.77
축구양말,12480.0,213103.0,17.08
축구연습용품,130.0,315611.0,2427.78
축구보호대,1080.0,219698.0,203.42
야구양말,1610.0,28661.0,17.8
포수장비,1690.0,41057.0,24.29
축구의류,480.0,1169910.0,2437.31
야구보호대,380.0,59764.0,157.27
야구공,11650.0,135797.0,11.66
야구가방,3850.0,275561.0,71.57
야구화,7680.0,127057.0,16.54
헬멧,24760.0,3814268.0,154.05
글러브,15680.0,1598679.0,101.96
농구화,25510.0,684310.0,26.83
농구대,2180.0,185131.0,84.92
야구장갑,2720.0,177658.0,65.32
야구의류,200.0,803937.0,4019.68
야구배트,7990.0,183109.0,22.92
농구공,29340.0,371082.0,12.65
배구공,11320.0,141253.0,12.48
농구의류,160.0,447676.0,2797.98
농구공가방,2800.0,89652.0,32.02
탁구라켓,19860.0,396757.0,19.98
배구화,11900.0,127990.0,10.76
배구네트,920.0,54038.0,58.74
탁구화,12100.0,105912.0,8.75
탁구의류,340.0,150881.0,443.77
탁구공,8300.0,158291.0,19.07
탁구대,7110.0,83739.0,11.78
배드민턴라켓,45400.0,620390.0,13.66
배드민턴화,35100.0,233857.0,6.66
배드민턴가방,17720.0,223357.0,12.6
셔틀콕,14180.0,197015.0,13.89
스트링,8480.0,18393894.0,2169.09
배드민턴네트,4180.0,91039.0,21.78
그립,69700.0,5455107.0,78.27
배드민턴의류,12250.0,619382.0,50.56
테니스화,38970.0,434372.0,11.15
테니스가방,32140.0,325666.0,10.13
테니스공,15100.0,393161.0,26.04
테니스라켓,52540.0,695244.0,13.23
그립,69700.0,5455106.0,78.27
스쿼시라켓,7350.0,71052.0,9.67
테니스의류,1770.0,804650.0,454.6
스트링,8480.0,18393869.0,2169.09
스쿼시공,750.0,18982.0,25.31
족구공,3520.0,37727.0,10.72
족구화,10260.0,22157.0,2.16
족구네트,1940.0,39244.0,20.23
볼링공,19990.0,87029.0,4.35
볼링용품,4500.0,133479.0,29.66
볼링화,10230.0,80248.0,7.84
아대,7180.0,719808.0,100.25
다이빙슈트,3170.0,666279.0,210.18
볼링가방,3580.0,69474.0,19.41
부츠,31690.0,12437187.0,392.46
볼링의류,190.0,52414.0,275.86
레귤레이터,11420.0,531654.0,46.55
게이지,6510.0,3966461.0,609.29
글러브,15680.0,1598677.0,101.96
다이빙칼,180.0,21807.0,121.15
기어백,210.0,231077.0,1100.37
수중총,110.0,8949.0,81.35
작살,4280.0,32414.0,7.57
옥토퍼스,4820.0,30733.0,6.38
리트렉터,700.0,8780.0,12.54
죽도집,440.0,6430.0,14.61
납,8240.0,1981058.0,240.42
호스,14170.0,5726279.0,404.11
죽도,24610.0,27557.0,1.12
도복,4510.0,121824.0,27.01
부속품,1430.0,6347997.0,4439.16
타격대,340.0,7058.0,20.76
댄스복,14070.0,2148527.0,152.7
샌드백,20250.0,406777.0,20.09
미트,8530.0,492047.0,57.68
글러브,15680.0,1598677.0,101.96
댄스소품,90.0,311939.0,3465.99
머리보호대,1270.0,159437.0,125.54
핸드랩,3390.0,43090.0,12.71
마우스피스,20110.0,286403.0,14.24
몸통보호대,140.0,25932.0,185.23
배보호대,80.0,23630.0,295.38
팔보호대,2810.0,140763.0,50.09
테이핑요법,350.0,117569.0,335.91
손목보호대,93400.0,871664.0,9.33
다리보호대,960.0,397127.0,413.67
무릎보호대,141400.0,1134574.0,8.02
어깨보호대,11440.0,137784.0,12.04
허리보호대,38950.0,493528.0,12.67
발목보호대,42550.0,358095.0,8.42
목검,3570.0,44423.0,12.44
가검,2900.0,43658.0,15.05
창,13360.0,2355131.0,176.28
봉,8280.0,5036038.0,608.22
곤,10110.0,56442.0,5.58
벨트,35170.0,11699371.0,332.65
띠,31200.0,1297277.0,41.58
수련화,380.0,106311.0,279.77
무도복,200.0,173401.0,867.0
스포츠헤어밴드,13620.0,449952.0,33.04
스포츠마스크,2750.0,1642956.0,597.44
스포츠선글라스,7990.0,959752.0,120.12
스포츠토시,100.0,1100820.0,11008.2
스포츠넥워머,110.0,693762.0,6306.93
아이스머플러,210.0,220619.0,1050.57
스코어보드,1270.0,89277.0,70.3
스카프,55490.0,4139712.0,74.6
볼캐리어,150.0,111279.0,741.86
호루라기,14700.0,297485.0,20.24
호각,2920.0,228165.0,78.14
당구용품,2320.0,510484.0,220.04
작전판,250.0,72560.0,290.24
마라톤용품,1120.0,247300.0,220.8
전동공구,5780.0,14731503.0,2548.7
측정공구,220.0,11430294.0,51955.88
목공공구,2240.0,6558529.0,2927.91
수작업공구,40.0,21106464.0,527661.6
원예공구,110.0,7059640.0,64178.55
용접공구,200.0,4695320.0,23476.6
절삭공구,1070.0,3426309.0,3202.16
설비공구,150.0,3734243.0,24894.95
예초기,200900.0,1669976.0,8.31
페인트,52020.0,5954139.0,114.46
페인트용품,280.0,3950038.0,14107.28
전기용품,2060.0,26189624.0,12713.41
에어공구,910.0,5665070.0,6225.35
소형기계,30.0,6858313.0,228610.43
안전용품,11180.0,13234104.0,1183.73
포장용품,3210.0,6487979.0,2021.18
다이어리,46600.0,6088291.0,130.65
수첩,5500.0,2192432.0,398.62
필기도구,1060.0,7958096.0,7507.64
노트,19110.0,8893124.0,465.36
플래너,15700.0,1401933.0,89.3
파티용품,19110.0,10527100.0,550.87
앨범,19810.0,3155014.0,159.26
보드,14450.0,20460068.0,1415.92
데스크용품,650.0,5804801.0,8930.46
이벤트,21240.0,11321262.0,533.02
용지,2250.0,3391578.0,1507.37
제도용품,480.0,526005.0,1095.84
사무기기,720.0,3915257.0,5437.86
칠판,10850.0,1127479.0,103.92
스티커,38100.0,17414521.0,457.07
도장,69900.0,1188579.0,17.0
파일,20210.0,3657148.0,180.96
문구용품,1810.0,48965721.0,27052.88
스탬프,10640.0,1246249.0,117.13
테이프,14240.0,7102851.0,498.8
엽서,12400.0,1181592.0,95.29
카드,24010.0,20190528.0,840.92
지도,1950100.0,529214.0,0.27
바인더,27620.0,1522169.0,55.11
지구본,23950.0,139168.0,5.81
폼보드,20780.0,201224.0,9.68
봉투,9670.0,4501624.0,465.52
사무용품,14400.0,49649721.0,3447.9
서예,6390.0,501800.0,78.53
우드락,17860.0,187132.0,10.48
붓,8290.0,1894388.0,228.51
페인트,52020.0,5954080.0,114.46
염료,2010.0,308182.0,153.32
잉크,8560.0,3178756.0,371.35
물감,6360.0,1085352.0,170.65
포스터컬러,150.0,113458.0,756.39
조소,10800.0,293233.0,27.15
스케치,12050.0,1266047.0,105.07
DIY용품,60.0,27577507.0,459625.12
판화용품,30.0,74427.0,2480.9
램프,10940.0,15286092.0,1397.27
편의용품,70.0,1974498.0,28207.11
오일,10540.0,11692800.0,1109.37
세차용품,28170.0,6673124.0,236.89
소모품,5500.0,11970204.0,2176.4
전기용품,2060.0,26189591.0,12713.39
인테리어용품,1210.0,43063597.0,35589.75
수납용품,280.0,22262347.0,79508.38
휴대폰용품,100.0,4924115.0,49241.15
서예,6390.0,501800.0,78.53
글씨,3490.0,376848.0,107.98
휠,6020.0,7460462.0,1239.28
튜닝용품,110.0,16457022.0,149609.29
타이어,99200.0,4406083.0,44.42
LP,17400.0,1875573.0,107.79
게임,144800.0,9719774.0,67.13
공예품,1740.0,1086326.0,624.33
포스터,29360.0,3431379.0,116.87
프라모델,16370.0,7269696.0,444.09
피규어,30670.0,6733634.0,219.55
모형,3290.0,8844005.0,2688.15
퍼즐,21150.0,12332413.0,583.09
블록,9080.0,6869756.0,756.58
화폐,7260.0,216911.0,29.88
우표,8170.0,293098.0,35.87
RC,6700.0,9279773.0,1385.04
서바이벌,8010.0,856107.0,106.88
무선,1990.0,23586689.0,11852.61
사료,15520.0,2385927.0,153.73
씰,3070.0,1843556.0,600.51
코스튬플레이,260.0,2868815.0,11033.9
아이돌굿즈,1980.0,162817.0,82.23
어항,29160.0,1957936.0,67.14
수초,15820.0,393959.0,24.9
에어,10740.0,18591610.0,1731.06
수족관,34720.0,1905651.0,54.89
기포,1850.0,348883.0,188.59
모터,8860.0,6985017.0,788.38
히터,7250.0,2777079.0,383.05
여과기,9590.0,855785.0,89.24
조명,91100.0,21976106.0,241.23
건반악기,740.0,372840.0,503.84
현악기,7050.0,1980414.0,280.91
여과제,820.0,249068.0,303.74
피아노,56200.0,1237211.0,22.01
관악기,6480.0,926248.0,142.94
타악기,4940.0,1057663.0,214.1
국악기,2410.0,116153.0,48.2
기타악기,90.0,2944288.0,32714.31
햄스터용품,6440.0,681375.0,105.8
토끼용품,610.0,1008443.0,1653.19
조류용품,60.0,1244687.0,20744.78
고슴도치용품,260.0,125771.0,483.73
강아지간식,38310.0,2869060.0,74.89
강아지건강,120.0,15356500.0,127970.83
강아지배변용품,20.0,956591.0,47829.55
강아지사료,45720.0,1202780.0,26.31
강아지장난감,18740.0,1983871.0,105.86
고양이사료,50270.0,678788.0,13.5
훈련,17700.0,4761789.0,269.03
목욕,4520.0,6374863.0,1410.37
미용,5320.0,37293884.0,7010.13
고양이간식,18790.0,1034972.0,55.08
고양이배변용품,30.0,819848.0,27328.27
고양이캣타워,8750.0,585289.0,66.89
고양이건강,60.0,8266321.0,137772.02
식기,5630.0,17015279.0,3022.25
리빙용품,320.0,4777693.0,14930.29
급수기,1390.0,712813.0,512.82
패션용품,30.0,8552171.0,285072.37
고양이장난감,22360.0,1873188.0,83.77
야외용품,80.0,12359257.0,154490.71
이동장,1300.0,1200970.0,923.82
서비스,13860.0,1046753.0,75.52
뮤직비디오,1670.0,43289.0,25.92
애니메이션,42090.0,2350099.0,55.84
영화,3368800.0,1283738.0,0.38
드라마,946500.0,270334.0,0.29
스포츠,698700.0,164428528.0,235.33
교양,7480.0,29403.0,3.93
다큐멘터리,8110.0,20238.0,2.5
교육,21090.0,2797376.0,132.64
취미,26000.0,9942987.0,382.42
기독교용품,740.0,1082177.0,1462.4
어린이,15530.0,43406320.0,2795.0
천주교용품,230.0,189273.0,822.93
종교,10840.0,2476956.0,228.5
유아,33960.0,32699167.0,962.87
식기,5630.0,17015264.0,3022.25
불교용품,11400.0,961041.0,84.3
잔,5500.0,5913968.0,1075.27
컵,14660.0,16170757.0,1103.05
도마,60520.0,1397179.0,23.09
티포트,10730.0,1371789.0,127.85
프라이팬,24360.0,3328158.0,136.62
솥,5510.0,4186977.0,759.89
냄비,35890.0,7038038.0,196.1
주전자,18500.0,2591877.0,140.1
교자상,20460.0,260137.0,12.71
밀폐용기,18590.0,11036886.0,593.7
보관,3730.0,21929469.0,5879.21
칼,22180.0,8692478.0,391.91
밥상,30970.0,494392.0,15.96
커피용품,3530.0,5725179.0,1621.86
주방수납용품,130.0,5346237.0,41124.9
조리기구,840.0,6286262.0,7483.65
와인용품,890.0,4236011.0,4759.56
주방잡화,110.0,12636018.0,114872.89
제수용품,5000.0,200420.0,40.08
제빵용품,400.0,3441505.0,8603.76
제과,3960.0,4238374.0,1070.3
빨래건조대,83380.0,793382.0,9.52
다림판,1270.0,163184.0,128.49
다림풀,420.0,8875.0,21.13
빨래바구니,43810.0,701152.0,16.0
빨래삶통,1190.0,29339.0,24.65
빨랫줄,1480.0,225547.0,152.4
세탁망,5400.0,367932.0,68.14
빨래판,2790.0,99806.0,35.77
세탁솔,260.0,75972.0,292.2
세탁볼,2680.0,164845.0,61.51
빨래집게,4270.0,559467.0,131.02
체중계,55890.0,372581.0,6.67
만보계,1120.0,89882.0,80.25
체온계,32460.0,54594.0,1.68
신장계,1040.0,22359.0,21.5
건강팔찌,5160.0,307288.0,59.55
건강목걸이,1630.0,704961.0,432.49
혈압계,28690.0,88629.0,3.09
청진기,10190.0,62558.0,6.14
심박계,1880.0,19340.0,10.29
수지침,7580.0,31326.0,4.13
뜸기구,80.0,24997.0,312.46
금연용품,150.0,71205.0,474.7
뜸,5650.0,161829.0,28.64
지압기,1450.0,150042.0,103.48
수액시트,250.0,17942.0,71.77
코클리너,80.0,30604.0,382.55
위생마스크,1060.0,326615.0,308.13
소음방지귀마개,5300.0,205079.0,38.69
전자담배,249100.0,258239.0,1.04
바늘,4410.0,1945483.0,441.15
침,7870.0,1319976.0,167.72
혈당계,2520.0,51190.0,20.31
혈당측정지,420.0,53645.0,127.73
거즈,9900.0,591303.0,59.73
붕대,5160.0,490420.0,95.04
응급용품,110.0,1132494.0,10295.4
구급,1040.0,1098579.0,1056.33
포셉,4240.0,197048.0,46.47
석션기,3190.0,74326.0,23.3
네블라이저,28680.0,35261.0,1.23
핀셋,10140.0,752311.0,74.19
실버카,4720.0,140742.0,29.82
보행차,980.0,137777.0,140.59
휠체어,29550.0,426082.0,14.42
수의,7810.0,87873.0,11.25
장례용품,810.0,146439.0,180.79
욕창방지용품,50.0,64351.0,1287.02
보청기,25470.0,42543.0,1.67
의료용압박스타킹,16560.0,47179.0,2.85
목보호대,6930.0,166527.0,24.03
자세교정용품,30.0,289105.0,9636.83
돋보기,19600.0,551817.0,28.15
저주파안마기,930.0,106530.0,114.55
재활운동기구,770.0,131937.0,171.35
적외선조사기,6740.0,23147.0,3.43
저주파자극기,2590.0,47659.0,18.4
저주파패드,1500.0,45288.0,30.19
디스크,15650.0,3289840.0,210.21
좌욕기,27820.0,61237.0,2.2
좌훈기,2790.0,26988.0,9.67
찜질기,6400.0,327385.0,51.15
물리치료용품,40.0,266618.0,6665.45
부항기,4030.0,39814.0,9.88
치간칫솔,39740.0,256601.0,6.46
치실,28980.0,400662.0,13.83
찜질팩,18780.0,488687.0,26.02
구강청정제,260.0,116573.0,448.36
가글,17630.0,218754.0,12.41
치약,78700.0,1213741.0,15.42
칫솔,51690.0,2608492.0,50.46
칫솔치약세트,1440.0,212185.0,147.35
치아미백제,5440.0,40346.0,7.42
혀클리너,17070.0,70482.0,4.13
렌즈세정액,1640.0,29054.0,17.72
렌즈세척기,7130.0,126722.0,17.77
마우스피스,20110.0,286401.0,14.24
치석제거기,12310.0,59356.0,4.82
건강슬리퍼,630.0,137023.0,217.5
안대,22380.0,249164.0,11.13
발마사지기,35440.0,307448.0,8.68
다리,9830.0,3860387.0,392.71
족탕기,570.0,78888.0,138.4
발보호대,1200.0,325116.0,270.93
발지압,10810.0,314281.0,29.07
발매트,46390.0,3013789.0,64.97
족욕,8500.0,98117.0,11.54
발각질제거기,13510.0,295238.0,21.85
발냄새제거제,7740.0,73665.0,9.52
발가락교정기,15640.0,153910.0,9.84
공기정화식물,27680.0,317168.0,11.46
패드,23540.0,20961733.0,890.47
수경식물,10030.0,301116.0,30.02
다육식물,9380.0,710336.0,75.73
식용식물,390.0,11397.0,29.22
넝쿨식물,3750.0,196021.0,52.27
관엽식물,7760.0,190658.0,24.57
숯부작,440.0,4844.0,11.01
분재,9790.0,484412.0,49.48
허브식물,700.0,76979.0,109.97
미니화분,6360.0,458103.0,72.03
천연잔디,1760.0,41140.0,23.38
모종,11800.0,463234.0,39.26
보존화,250.0,83903.0,335.61
씨앗,8990.0,816600.0,90.83
토피어리,6460.0,24764.0,3.83
조화,41530.0,2024204.0,48.74
금꽃,370.0,13096.0,35.39
비누꽃,4720.0,214151.0,45.37
종이꽃,3870.0,216195.0,55.86
테라리엄,280.0,243153.0,868.4
자갈,9210.0,381488.0,41.42
원예부자재,80.0,1656747.0,20709.34
물조리개,8100.0,261517.0,32.29
수반,11260.0,171109.0,15.2
모래,24060.0,1792263.0,74.49
묘목,6820.0,336118.0,49.28
조경수,7120.0,94315.0,13.25
흙,8890.0,720643.0,81.06
정원데코,70.0,1161907.0,16598.67
정원부자재,40.0,1657943.0,41448.57
화분받침,6740.0,520932.0,77.29
화분,74300.0,5602254.0,75.4
비료,10650.0,611864.0,57.45
화분영양제,2920.0,308216.0,105.55
화분대,1720.0,839399.0,488.02
안마기,32440.0,1612731.0,49.71
안마의자,109600.0,198606.0,1.81
안마매트,6600.0,103476.0,15.68
쿠션안마기,480.0,73224.0,152.55
렌탈안마의자,170.0,25747.0,151.45
어린이,15530.0,43406371.0,2795.0
드라마,946500.0,270334.0,0.29
영화,3368800.0,1283739.0,0.38
유아,33960.0,32699230.0,962.87
뮤직비디오,1670.0,43290.0,25.92
애니메이션,42090.0,2350102.0,55.84
스포츠,698700.0,164428956.0,235.34
취미,26000.0,9943023.0,382.42
종교,10840.0,2476913.0,228.5
교양,7480.0,29401.0,3.93
교육,21090.0,2797391.0,132.64
다큐멘터리,8110.0,20236.0,2.5
비데,81100.0,512154.0,6.32
수전용품,140.0,4081422.0,29153.01
반신욕용품,90.0,455019.0,5055.77
욕조,24480.0,1582998.0,64.66
샤워기,35660.0,2499391.0,70.09
타월,8350.0,5606948.0,671.49
면도용품,140.0,567134.0,4050.96
목욕용품,1420.0,3933857.0,2770.32
수건,77700.0,3961439.0,50.98
샤워,6460.0,6315684.0,977.66
욕실장,14030.0,221754.0,15.81
욕실청소용품,1490.0,1678961.0,1126.82
선반,82900.0,14938108.0,180.19
욕실용기,90.0,1901629.0,21129.21
홀더,6170.0,24480815.0,3967.72
욕실매트,20310.0,1677230.0,82.58
선반,82900.0,14938108.0,180.19
욕실발판,6310.0,719103.0,113.96
진열대,7270.0,4888737.0,672.45
위생도기,1140.0,420534.0,368.89
정리함,15060.0,9932844.0,659.55
소품걸이,260.0,4059384.0,15613.02
옷커버,3530.0,1560928.0,442.19
바구니,14500.0,5612782.0,387.09
옷걸이,63000.0,3148734.0,49.98
선풍기커버,10900.0,169799.0,15.58
압축팩,13320.0,319650.0,24.0
휴지통,23930.0,2958422.0,123.63
밀대,12420.0,1633855.0,131.55
마네킹,13010.0,359222.0,27.61
쓰레받기,9220.0,321367.0,34.86
먼지떨이,960.0,402643.0,419.42
걸레,13770.0,1867729.0,135.64
패드,23540.0,20961736.0,890.47
빗자루,16040.0,623316.0,38.86
테이프클리너,2570.0,413630.0,160.95
회전청소기,110.0,162850.0,1480.45
먼지제거기,4350.0,525886.0,120.89
솔,8470.0,3817958.0,450.76
성인용기저귀,8430.0,200465.0,23.78
생리대,46180.0,686196.0,14.86
화장지,31820.0,2835852.0,89.12
매직블럭,14070.0,126437.0,8.99
섬유유연제,75940.0,668999.0,8.81
세제,43350.0,3746554.0,86.43
세정제,2830.0,3916643.0,1383.97
제습,5550.0,673173.0,121.29
방향,6130.0,2320356.0,378.52
보안용품,180.0,4080928.0,22671.82
생활선물세트,1180.0,3023509.0,2562.3
생활잡화,460.0,20574875.0,44727.99
탈취,3780.0,1058682.0,280.07
국내패키지,1390.0,223640.0,160.89
기타,48400.0,23381381.0,483.09
쿠킹클래스,9890.0,14375.0,1.45
공연,106900.0,1307885.0,12.23
국내숙박,980.0,1107573.0,1130.18
액티비티,16920.0,170261.0,10.06
국내항공권,18480.0,32606.0,1.76
티켓,18500.0,329760.0,17.82
기타,48400.0,23381381.0,483.09
해외숙박,840.0,546574.0,650.68
해외항공권,19480.0,39698.0,2.04
해외패키지,2890.0,2352421.0,813.99
와이파이,26080.0,2252285.0,86.36
USIM,2610.0,90658.0,34.73
단기렌터카,1290.0,35315.0,27.38
입장권,860.0,47012.0,54.67
이동,4370.0,3874971.0,886.72
교통편의,70.0,13870.0,198.14
지류,8260.0,844302.0,102.22
영상촬영,1100.0,151193.0,137.45
장기렌터카,4260.0,94926.0,22.28
사진,42500.0,12730326.0,299.54
E쿠폰,1050.0,166041.0,158.13
온라인콘텐츠,130.0,336.0,2.58
카드상품권,170.0,16465.0,96.85
케이크배달,2760.0,34122.0,12.36
무예,1410.0,3103.0,2.2
꽃,83400.0,12465078.0,149.46
골프레슨,23310.0,14001.0,0.6
댄스,10700.0,3796308.0,354.8
아웃도어스포츠,200.0,2435428.0,12177.14
무도,4050.0,27507.0,6.79
구기스포츠,150.0,29916.0,199.44
피트니스,16080.0,3667303.0,228.07
악기,9470.0,7770306.0,820.52
보컬,3850.0,121432.0,31.54
미술,11770.0,7612466.0,646.77
무용,4510.0,363015.0,80.49
PT,31710.0,1981575.0,62.49
기타,48400.0,23381290.0,483.08
외국어,1690.0,16202.0,9.59
필라테스,228300.0,1857528.0,8.14
요가,60370.0,5366571.0,88.89
공예,8400.0,5069606.0,603.52
취업,21040.0,100589.0,4.78
뷰티,10920.0,7140076.0,653.85
커피,225700.0,12280720.0,54.41
요리,16020.0,4553415.0,284.23
기타,48400.0,23381290.0,483.08
가구설치,190.0,332807.0,1751.62
가전,4650.0,179264270.0,38551.46
이사,30670.0,524623.0,17.11
자격증,45700.0,48974.0,1.07
클렌징,6020.0,2281449.0,378.98
선케어,240.0,948868.0,3953.62
메이크업,20410.0,7922792.0,388.18
스킨케어,6340.0,5304548.0,836.68
청소,11500.0,16709295.0,1452.98
남성화장품,9410.0,2063890.0,219.33
아동화장품,80.0,150553.0,1881.91
여성향수,3530.0,1485918.0,420.94
헤어케어,1110.0,3476149.0,3131.67
바디케어,2300.0,4508459.0,1960.2
남성향수,4060.0,707049.0,174.15
라이터,24460.0,769868.0,31.47
필기도구,1060.0,7957920.0,7507.47
시계,369700.0,17710528.0,47.91
크리스탈,47710.0,5855076.0,122.72
다이어리,46600.0,6087987.0,130.64
목걸이,102600.0,9967888.0,97.15
귀걸이,92410.0,9185339.0,99.4
수첩,5500.0,2192329.0,398.61
생활소품,300.0,17566007.0,58553.36
팔찌,89510.0,7950081.0,88.82
발찌,9960.0,559253.0,56.15
펜던트,14040.0,6106314.0,434.92
헤어,41210.0,16497248.0,400.32
반지,67570.0,6255951.0,92.58
커프스,4710.0,492587.0,104.58
넥타이핀,8130.0,251803.0,30.97
휴대폰줄,2700.0,1391181.0,515.25
브로치,12310.0,1326881.0,107.79
키홀더,15080.0,3896747.0,258.4
선글라스,77000.0,5313262.0,69.0
가방,142300.0,80618415.0,566.54
지갑,55760.0,13797839.0,247.45
벨트,35170.0,11699445.0,332.65
장식소품,360.0,13072713.0,36313.09
머플러,14940.0,3057115.0,204.63
넥타이,32020.0,2430584.0,75.91
안경,78620.0,4091655.0,52.04
의류,5360.0,266761395.0,49768.92
스카프,55490.0,4139645.0,74.6
장갑,16010.0,8786758.0,548.83
언더웨어,5920.0,20448772.0,3454.18
신발,69120.0,85311353.0,1234.25
양말,103100.0,9805196.0,95.1
모자,77430.0,21407313.0,276.47
양산,92700.0,1403688.0,15.14
여행소품,330.0,2197337.0,6658.6
노트북,220500.0,17698186.0,80.26
패션소품,160.0,24803410.0,155021.31
우산,84000.0,5289218.0,62.97
카메라,50420.0,16836971.0,333.93
캠코더,16500.0,7857030.0,476.18
가전제품,11970.0,174402263.0,14569.95
MP3,19710.0,1083264.0,54.96
주변기기,2840.0,18617566.0,6555.48
홍삼,94500.0,680178.0,7.2
이어폰,72800.0,5096771.0,70.01
헤드폰,35850.0,4510736.0,125.82
건강식품,10490.0,16026559.0,1527.79
고전,9200.0,249590.0,27.13
문학,12930.0,201923.0,15.62
인삼,30440.0,308807.0,10.14
고전,9200.0,249590.0,27.13
문학,12930.0,201923.0,15.62
창작,2800.0,196720.0,70.26
이론,7560.0,32156.0,4.25
신화,33370.0,158686.0,4.76
전설,5100.0,150819.0,29.57
설화,16650.0,34180.0,2.05
EBOOK,17330.0,19480.0,1.12
시나리오,10360.0,12793.0,1.23
오디오북,15030.0,15455.0,1.03
외국시,340.0,387.0,1.14
한국시,790.0,5501.0,6.96
그림,45840.0,11349381.0,247.59
사진에세이,120.0,498.0,4.15
명사,18690.0,10560.0,0.57
연애,22490.0,46906.0,2.09
명사,18690.0,10560.0,0.57
음식,28330.0,2698596.0,95.26
잠언록,50.0,18.0,0.36
음식,28330.0,2698596.0,95.26
경제,26700.0,87731.0,3.29
오디오북,15030.0,15455.0,1.03
EBOOK,17330.0,19480.0,1.12
오디오북,15030.0,15455.0,1.03
경제,26700.0,87731.0,3.29
재테크,27530.0,4934.0,0.18
투자,12170.0,27811.0,2.29
마케팅,36500.0,143028.0,3.92
경영,14080.0,16922.0,1.2
세일즈,4260.0,78414.0,18.41
오디오북,15030.0,15455.0,1.03
EBOOK,17330.0,19480.0,1.12
비즈니스맨,520.0,11834.0,22.76
CEO,18840.0,45292.0,2.4
대화,10210.0,203917.0,19.97
시간관리,1200.0,60656.0,50.55
협상,11720.0,44846.0,3.83
처세,3200.0,569.0,0.18
시간관리,1200.0,60656.0,50.55
인간관계,12240.0,1350.0,0.11
취업,21040.0,100589.0,4.78
오디오북,15030.0,15455.0,1.03
EBOOK,17330.0,19480.0,1.12
철학,20120.0,25955.0,1.29
심리,9670.0,31491.0,3.26
종교학,310.0,52.0,0.17
역사학,500.0,283.0,0.57
오디오북,15030.0,15455.0,1.03
신화학,140.0,171.0,1.22
EBOOK,17330.0,19480.0,1.12
이론,7560.0,32156.0,4.25
한국사,39800.0,48242.0,1.21
서양사,460.0,312.0,0.68
동양사,300.0,207.0,0.69
한국사,39800.0,48242.0,1.21
오디오북,15030.0,15455.0,1.03
EBOOK,17330.0,19480.0,1.12
문화,17860.0,2244828.0,125.69
정치,19380.0,13038.0,0.67
법,16080.0,375588.0,23.36
군사,3150.0,879351.0,279.16
행정,10930.0,257912.0,23.6
외교,4490.0,1439.0,0.32
국방,4100.0,24619.0,6.0
사회복지,10340.0,847.0,0.08
언론,5380.0,3515.0,0.65
미디어,17850.0,2989873.0,167.5
여성학,440.0,713.0,1.62
교육학,3840.0,1374.0,0.36
산업공학,2080.0,1787.0,0.86
오디오북,15030.0,15455.0,1.03
EBOOK,17330.0,19480.0,1.12
공학일반,1550.0,25084.0,16.18
축산,5950.0,860546.0,144.63
기계,8030.0,20442643.0,2545.78
농수산,1510.0,28254.0,18.71
전자,9890.0,12494768.0,1263.37
전기,32880.0,44921680.0,1366.23
건설,9330.0,945325.0,101.32
토목,5550.0,49881.0,8.99
생물학,2840.0,18998.0,6.69
물리학,8910.0,37598.0,4.22
도시,13690.0,566593.0,41.39
지구과학,8130.0,9824.0,1.21
수학,26020.0,533137.0,20.49
화학,14550.0,576354.0,39.61
과학,18700.0,3794878.0,202.93
천문,8850.0,94242.0,10.65
오디오북,15030.0,15455.0,1.03
EBOOK,17330.0,19480.0,1.12
미술,11770.0,7612531.0,646.77
예술사,300.0,172.0,0.57
애니메이션,42090.0,2350099.0,55.84
음악,27300.0,2440055.0,89.38
건축,11540.0,407069.0,35.27
만화,44300.0,2686532.0,60.64
사진,42500.0,12730294.0,299.54
공연,106900.0,1307896.0,12.23
연극,154800.0,175377.0,1.13
TV,85300.0,5778847.0,67.75
영화,3368800.0,1283747.0,0.38
라디오,49810.0,2193095.0,44.03
불교,17270.0,1196601.0,69.29
오디오북,15030.0,15455.0,1.03
EBOOK,17330.0,19480.0,1.12
개신교,21530.0,1562.0,0.07
유아그림책,610.0,8966.0,14.7
유아놀이책,70.0,15704.0,224.34
EBOOK,17330.0,19480.0,1.12
어린이영어,1150.0,63595.0,55.3
유아학습,360.0,297249.0,825.69
EBOOK,17330.0,19480.0,1.12
어린이문학,160.0,5213.0,32.58
어린이문학,160.0,5213.0,32.58
학습만화,1500.0,22189.0,14.79
학습,5810.0,5083425.0,874.94
어린이세트,90.0,5682536.0,63139.29
결혼,41460.0,1135744.0,27.39
오디오북,15030.0,15455.0,1.03
임신,32550.0,492405.0,15.13
EBOOK,17330.0,19480.0,1.12
가족,25700.0,3111313.0,121.06
자녀교육,580.0,13284.0,22.9
출산,14780.0,12406855.0,839.44
요리,16020.0,4553392.0,284.23
살림,4730.0,320230.0,67.7
인테리어,56100.0,127069427.0,2265.05
국내여행,55500.0,1595850.0,28.75
해외여행,72200.0,3307886.0,45.82
오디오북,15030.0,15455.0,1.03
육아,9460.0,57429472.0,6070.77
EBOOK,17330.0,19480.0,1.12
영어,66700.0,889632.0,13.34
지도,1950100.0,529221.0,0.27
국어,13250.0,58389.0,4.41
테마여행,1530.0,60315.0,39.42
EBOOK,17330.0,19480.0,1.12
중국어,40950.0,258005.0,6.3
한자사전,691700.0,868.0,0.0
일본어,87700.0,137658.0,1.57
한자사전,691700.0,868.0,0.0
오디오북,15030.0,15455.0,1.03
EBOOK,17330.0,19480.0,1.12
그래픽,10330.0,3367015.0,325.95
백과,1290.0,32029.0,24.83
멀티미디어,2980.0,2041442.0,685.05
웹사이트,3540.0,19864.0,5.61
활용,4930.0,835395.0,169.45
프로그래밍언어,2550.0,1991.0,0.78
게임,144800.0,9719811.0,67.13
네트워크,11140.0,4636150.0,416.17
데이터베이스,7670.0,1579.0,0.21
OS,8700.0,513848.0,59.06
보안,12110.0,4806515.0,396.9
학습법,230.0,910.0,3.96
컴퓨터공학,3380.0,187209.0,55.39
학습법,230.0,910.0,3.96
자기계발,31800.0,13508.0,0.42
청소년문학,990.0,5879.0,5.94
청소년경제,200.0,208.0,1.04
청소년과학,50.0,3337.0,66.74
면접대비,150.0,337.0,2.25
사회,11590.0,84845.0,7.32
논술,20650.0,15295.0,0.74
면접대비,150.0,337.0,2.25
EBOOK,17330.0,19480.0,1.12
적성검사,12370.0,883.0,0.07
오디오북,15030.0,15455.0,1.03
공무원,63000.0,44947.0,0.71
취업,21040.0,100587.0,4.78
상식,10020.0,12498.0,1.25
검정고시,34410.0,7509.0,0.22
전문직,11170.0,10255.0,0.92
경제,26700.0,87731.0,3.29
경제,26700.0,87731.0,3.29
금융,24060.0,41932.0,1.74
회계,20850.0,87625.0,4.2
물류,7910.0,1126468.0,142.41
주택관리,870.0,5120.0,5.89
공인중개,450.0,536.0,1.19
편입,30730.0,1526.0,0.05
대학원,21430.0,20092.0,0.94
독학사,17880.0,1377.0,0.08
국가자격,310.0,1801.0,5.81
위생,3940.0,5441905.0,1381.19
의학,3340.0,77810.0,23.3
보건,5020.0,39180.0,7.8
의학,3340.0,77810.0,23.3
EBOOK,17330.0,19480.0,1.12
공포,8060.0,358396.0,44.47
추리,2510.0,32392.0,12.91
드라마,946500.0,270348.0,0.29
명랑,6280.0,36816.0,5.86
코믹만화,80.0,2569.0,32.11
스포츠만화,400.0,101818.0,254.54
액션,3450.0,2472361.0,716.63
웹툰,2566600.0,44327.0,0.02
웹툰,2566600.0,44327.0,0.02
학원만화,40.0,3624.0,90.6
EBOOK,17330.0,19480.0,1.12
SF,9200.0,954001.0,103.7
판타지,9810.0,283255.0,28.87
EBOOK,17330.0,19480.0,1.12
공학,10380.0,599426.0,57.75
컴퓨터,94700.0,34822042.0,367.71
자연,13560.0,5516068.0,406.79
문예,1460.0,59345.0,40.65
교육,21090.0,2797428.0,132.64
어학,3600.0,78721.0,21.87
고시,10150.0,831506.0,81.92
게임,144800.0,9719811.0,67.13
그래픽,10330.0,3367019.0,325.95
만화,44300.0,2686536.0,60.64
여행,90600.0,18632014.0,205.65
영화,3368800.0,1283749.0,0.38
취미,26000.0,9943136.0,382.43
연예,23780.0,25995.0,1.09
패션,20730.0,423405866.0,20424.79
여성,6830.0,273371280.0,40025.08
외국잡지,250.0,678.0,2.71
스포츠,698700.0,164429455.0,235.34
남성,14270.0,154359937.0,10817.09
건강,18970.0,92574259.0,4880.03
육아,9460.0,57429431.0,6070.76
경제,26700.0,87731.0,3.29
리빙,8740.0,7140142.0,816.95
요리,16020.0,4553392.0,284.23
시사,13770.0,17939.0,1.3
건축,11540.0,407067.0,35.27
예술,12850.0,874131.0,68.03
종교,10840.0,2476768.0,228.48
사진,42500.0,12730343.0,299.54
생활,4650.0,467694995.0,100579.57
가족,25700.0,3111319.0,121.06
예술,12850.0,874131.0,68.03
EBOOK,17330.0,19480.0,1.12
건축,11540.0,407067.0,35.27
문학,12930.0,201924.0,15.62
과학,18700.0,3794867.0,202.93
소설,23720.0,76625.0,3.23
자연,13560.0,5516068.0,406.79
경영경제,670.0,445.0,0.66
교육,21090.0,2797428.0,132.64
외국어,1690.0,16201.0,9.59
사전,279700.0,354190.0,1.27
유아청소년,30.0,173668.0,5788.93
요리,16020.0,4553403.0,284.23
독일,102600.0,2885995.0,28.13
스페인,105300.0,423907.0,4.03
여행,90600.0,18632014.0,205.65
취미,26000.0,9943136.0,382.43
컴퓨터,94700.0,34822042.0,367.71
사회,11590.0,84844.0,7.32
일본도서,310.0,1386.0,4.47
프랑스,120600.0,1643971.0,13.63
종교,10840.0,2476768.0,228.48
종교,10840.0,2476768.0,228.48
레저,4430.0,148368359.0,33491.73
건강,18970.0,92574259.0,4880.03
취미,26000.0,9943136.0,382.43
레저,4430.0,148368359.0,33491.73
자습서,1670.0,8969.0,5.37
문제집,2930.0,47949.0,16.36
수능문제집,850.0,2075.0,2.44
오디오북,15030.0,15455.0,1.03
EBOOK,17330.0,19480.0,1.12
EBS고등,39800.0,756.0,0.02
중1문제집,630.0,341.0,0.54
중1자습서,190.0,18.0,0.09
중2자습서,120.0,22.0,0.18
기타,48400.0,23381154.0,483.08
중3문제집,220.0,688.0,3.13
중3문제집,220.0,688.0,3.13
기타,48400.0,23381154.0,483.08
기타,48400.0,23381162.0,483.08
초등1학년,630.0,31341.0,49.75
초등2학년,170.0,16848.0,99.11
초등3학년,350.0,17889.0,51.11
한자,142000.0,129295.0,0.91
초등4학년,270.0,12655.0,46.87
초등5학년,400.0,9027.0,22.57
초등6학년,220.0,22114.0,100.52
한글,63200.0,544289.0,8.61
EBS초등,67800.0,1388.0,0.02
도서,26310.0,257980.0,9.81
기타,48400.0,23381154.0,483.08
만화,44300.0,2686543.0,60.64
NONE,10640.0,48519.0,4.56
