relative_keyword,grade_norm,grade_power,grade_bigpower,grade_premium,review_10,review_50,review_100,review_1000,total_review,avg_review
대파크림치즈,9,3,2,5,36,2,2,0,983,24
열반사단열재,2,5,27,6,15,2,18,5,22774,569
맥세이프실리콘케이스,2,0,12,10,13,5,19,3,13854,346
에어프라이어용기,2,5,5,3,16,2,15,7,26171,654
커트보,9,7,18,6,11,4,19,6,20997,524
에뛰드마스카라,4,4,8,11,19,0,12,9,61765,1544
새우깡,2,6,12,8,13,3,10,14,221312,5532
RMR,0,2,8,1,36,2,2,0,502,12
돼지등뼈,2,7,18,12,7,4,18,11,46600,1165
S펜크리에이터에디션,2,0,2,29,34,0,0,0,19,0
마끼다호환배터리,2,8,22,6,23,6,11,0,4356,108
플렉시리드줄,3,4,4,2,25,4,8,3,27632,690
어린이피아노,3,1,14,2,30,5,5,0,2011,50
우곡생주,3,0,12,24,28,1,10,1,7670,191
담금주병,2,5,11,2,18,3,12,7,82657,2066
마일드참치,2,2,12,10,18,3,11,8,33621,840
패딩하네스,6,3,15,0,16,5,16,3,15397,384
키즈털크록스,3,1,14,1,26,3,9,2,4773,119
듀라셀AA,1,1,19,13,8,8,15,9,111568,2789
톤핏선선쿠션,8,4,0,28,39,1,0,0,69,1
말따라하는인형,2,8,10,2,25,2,8,5,34304,857
외벽페인트,7,10,18,5,19,4,15,2,11021,275
지포어모자,2,3,3,3,37,1,2,0,743,18
전지분유,3,1,10,24,18,3,14,5,13221,330
아침애사료,3,2,22,8,20,1,13,6,21379,534
자동차고체왁스,2,3,3,5,17,3,13,7,22113,552
사운드바거치대,9,4,20,7,29,3,7,1,5517,137
대마도자전거대여,0,5,2,0,5,1,1,0,234,33
에너자이저건전지,0,1,17,4,7,4,21,8,43704,1092
자동급유기,3,4,11,0,35,1,3,1,2076,51
야구방망이,2,4,5,1,29,1,9,1,4697,117
못난이당근,9,14,9,8,13,2,21,4,22971,574
월드컵방한화,5,5,7,2,35,1,3,1,4719,117
다이슨여행용파우치,12,6,15,5,18,6,12,4,11862,296
국산호두,23,7,9,1,16,6,10,8,21913,547
아기물놀이장난감,3,5,11,1,10,2,19,9,48231,1205
노안돋보기안경,8,5,3,1,33,2,4,1,3027,75
일회용샤워타올,3,3,9,0,19,5,13,3,9674,241
전기약탕기,12,10,10,8,30,3,6,1,5924,148
가야카팀스,1,0,15,6,38,1,1,0,480,12
아세톤,6,6,4,0,6,3,20,11,38464,961
단풍콩잎,12,9,6,3,13,10,13,4,19599,489
국산호두가격,24,7,8,1,17,6,9,8,21811,545
속눈썹글루,4,11,22,3,15,4,17,4,26750,668
유아매니큐어,12,17,7,3,10,4,17,9,28293,707
전기장판커버,9,6,5,1,23,5,10,2,8882,222
코코넛과육,10,2,0,18,40,0,0,0,52,1
블루베리묘목,17,3,10,1,23,4,10,3,22634,565
레이저마우스패드,2,4,14,9,10,6,19,5,15733,393
조인트서포트,8,8,8,15,25,4,8,3,13602,340
다우니건조기시트,12,7,6,14,27,4,7,2,5461,136
로트링600,2,4,4,2,34,3,2,1,2326,58
산야초,0,1,6,2,27,2,8,3,30008,750
천마차,1,10,8,16,11,6,10,13,50678,1266
대형견패딩,4,9,14,0,19,1,17,3,15293,382
PB1,1,5,22,10,7,7,17,9,20201,505
강아지넥카라,3,10,8,0,6,1,23,10,55964,1399
고죠사토루피규어,6,12,14,0,34,5,1,0,833,20
스마트도어벨,3,3,1,1,35,2,3,0,1347,33
그랜저IG에어컨필터,4,7,17,5,3,7,21,9,44639,1115
차콜스타터,2,0,5,1,20,4,14,2,10073,251
돌미역,18,7,12,3,13,4,22,1,13783,344
서울베이킹원데이클래스,6,2,32,0,26,2,12,0,2924,73
서울베이킹클래스,6,2,32,0,25,2,13,0,3204,80
휘슬러믹싱볼,7,3,5,2,30,4,6,0,2730,68
브이가드PPF,0,1,38,1,20,11,8,1,4637,115
스마트포인터,1,5,10,9,20,4,15,1,10138,253
쥐퇴치기,11,10,5,14,25,3,12,0,3755,93
포터필터바스켓,3,6,30,1,7,5,25,3,17468,436
코스트코버터,0,0,19,1,26,2,10,2,6412,160
복싱핸드랩,7,3,11,0,19,7,12,2,7811,195
아모스트리트먼트,1,4,12,10,25,2,9,4,14325,358
맛술,2,1,13,16,17,4,14,5,20475,511
LDW931,17,4,2,17,36,0,3,1,2039,50
비지북,2,7,0,3,39,0,1,0,279,6
강아지후코이단,9,9,16,5,24,3,11,2,5697,142
냉장고냄새,4,6,9,5,12,6,14,8,22389,559
코안다스무딩드라이어,18,6,5,11,30,3,7,0,2230,55
오토바이컵홀더,3,2,12,0,19,5,13,3,9488,237
클리오아이브로우,3,7,5,16,20,1,11,8,25450,636
논슬립바지걸이,1,9,15,3,1,3,12,24,146952,3673
아이브스티커,8,11,1,8,34,2,3,1,2532,63
연근칩,5,11,10,14,17,3,13,7,24932,623
건조매생이,6,3,16,15,5,5,20,10,47387,1184
보성홍차아이스티,0,0,2,1,31,3,3,3,9362,234
시사모,2,4,18,16,10,3,17,10,63922,1598
붙이는자석보드,4,16,15,5,17,0,10,13,52361,1309
삼성아로마시트,6,13,8,11,24,3,9,4,13624,340
타임허브,8,16,14,2,15,11,9,5,28332,708
온열데스크매트,9,12,9,8,23,4,12,1,4872,121
말하는선인장,1,4,7,1,29,1,7,3,20886,522
타코야끼기계,12,5,3,3,34,1,4,1,2845,71
생도라지,8,13,12,7,11,3,22,4,20767,519
스와들미,1,0,4,3,34,0,4,2,8532,213
세차버킷,1,3,4,2,12,1,21,6,41578,1039
태권도도복,0,1,11,2,30,4,6,0,2243,56
물고기장난감,3,7,13,0,14,5,12,9,22934,573
홍삼절편,3,4,15,0,10,7,18,5,19955,498
홍삼정과,11,3,15,2,8,2,25,5,21785,544
DDR38GB,6,8,8,18,30,3,5,2,6847,171
헬로키티팝업티슈,2,0,5,29,13,3,14,10,88530,2213
테라맥주,10,9,5,4,20,9,11,0,5191,129
폴햄키즈바지,1,2,7,1,37,2,1,0,1252,31
레트로계산기,8,9,5,2,29,2,9,0,2417,60
BMW도어라이트,11,6,11,12,24,5,9,2,5650,141
전어회,9,9,7,15,30,3,5,2,6929,173
아몬드브리즈언스위트,3,5,5,25,18,1,12,9,120221,3005
자동차빠데,5,5,6,16,18,3,14,5,20487,512
아이오페선크림,5,9,13,10,31,1,5,3,26199,654
참존기초세트,2,8,18,12,28,6,6,0,3668,91
미아방지가방,7,2,7,0,24,2,11,3,8564,214
제주천혜향,9,4,18,9,18,8,7,7,42373,1059
닌텐도스위치가방,2,11,17,5,11,6,17,6,71881,1797
세계전도,11,7,20,1,15,1,17,7,35291,882
아령7KG,1,8,7,6,13,6,13,8,61986,1549
갸프,1,1,3,0,31,3,6,0,2453,61
가프,1,1,3,0,31,3,6,0,2453,61
자동차시트교체,16,5,10,8,28,2,6,4,11125,278
깐녹두,2,4,17,17,11,2,20,7,29882,747
인조잔디야구화,6,2,9,0,34,3,3,0,1561,39
인천공항고프로대여,8,4,19,2,24,1,8,0,3262,98
볏짚,15,9,5,1,27,2,8,3,7389,184
콤비타프로폴리스스프레이,7,6,18,7,24,2,11,3,8019,200
테니스뎀프너,9,0,12,2,20,7,12,1,5704,142
부쉬넬케이스,5,4,4,3,35,2,2,1,2336,58
의자등받이커버,3,7,5,1,21,4,9,6,23545,588
벨보아,0,11,1,0,22,2,13,3,11291,282
문스와치스트랩,7,7,4,1,27,5,8,0,2692,67
스리라차,3,7,13,13,18,6,10,6,47896,1197
대한민국전도,7,9,9,15,28,2,7,3,16414,410
쏘서대여,5,10,25,0,17,4,11,8,32375,809
메타퀘스트3악세사리,0,0,38,2,36,3,1,0,891,22
반코르맥주효모샴푸,12,10,8,9,36,1,2,1,30631,765
베이컨칩,1,2,5,3,33,1,6,0,1354,33
거북이쉼터,2,10,5,1,25,5,9,1,5568,139
코리안좀비에너지드링크,3,0,4,31,39,1,0,0,89,2
K2작업복,4,3,20,0,37,1,2,0,612,15
순살갈치,6,4,11,19,19,5,11,5,19854,496
방수코팅제,0,3,11,2,14,6,14,6,15690,392
극세사가운,5,7,2,1,21,3,13,3,10227,255
액상마그네슘,8,1,13,14,29,4,6,1,5548,138
주짓수래쉬가드,3,0,3,0,36,0,4,0,1188,29
미니보냉가방,8,5,10,3,18,2,17,3,10427,260
거봉포도,12,6,13,9,22,3,10,5,15731,393
식당유니폼,1,0,8,0,34,2,4,0,1193,29
울란지삼각대,1,1,4,4,15,1,17,7,25563,639
도로명주소판,5,7,4,1,25,4,8,3,5483,137
차앤박코팩,8,5,6,17,26,2,11,1,18388,459
풀드포크,9,4,14,1,26,3,8,3,8557,213
개미키우기,4,3,3,0,31,2,7,0,3243,81
클리오아이라이너,2,3,10,16,16,3,13,8,45778,1144
락앤락쌀냉장고,11,3,3,8,36,2,2,0,620,15
도징링,3,1,11,1,26,1,11,2,6067,151
환타제로,1,4,9,24,30,0,7,3,9381,234
멜로디언,1,2,5,2,30,2,6,2,8990,224
얼굴마사지크림,15,7,9,9,26,5,7,2,7111,177
피스타치오페이스트,5,1,16,4,32,4,4,0,1293,32
피비원,1,4,23,10,7,6,18,9,20309,507
맥세이프스티커,4,7,9,10,9,3,20,8,27479,686
화장실줄눈,10,5,12,3,12,5,11,12,60579,1514
타트체리,4,4,6,11,5,2,16,17,85386,2134
나이키넥워머,3,7,18,8,26,4,7,3,7249,181
낼나타이머,1,1,2,12,16,0,1,0,253,14
스마트태그2,3,0,13,23,30,3,6,1,4361,109
이케아주방놀이,5,8,13,1,30,1,6,3,7663,191
라부르켓립밤,13,0,8,15,37,0,2,1,10291,257
인형키링만들기,14,2,5,2,32,2,4,2,4061,101
후이펑스리라차소스,3,13,14,10,28,2,7,3,38692,967
남자부분가발,1,8,2,0,36,2,2,0,1242,31
코닥필름,2,10,15,2,14,1,14,11,48948,1223
WPC우양산,11,8,6,0,34,2,3,1,3872,96
유기질비료,7,3,14,1,17,4,16,3,14019,350
아디다스골프화징,6,6,10,18,20,7,7,6,13530,338
고피쉬,0,0,2,0,39,0,1,0,304,7
산들바람김치,1,0,16,23,25,3,11,1,5433,135
아이프리FX500,8,1,0,27,39,0,0,1,4158,103
링고벨,1,2,3,0,34,3,3,0,1423,35
대방어필렛,14,11,13,2,22,6,9,3,9600,240
바이오더마센시비오,0,5,12,15,20,2,10,8,48172,1204
아이팜베이비룸,0,0,0,10,17,1,17,5,21931,548
아기반달쿠션,13,2,5,8,33,0,7,0,3259,81
아기머리보호대,5,3,5,3,12,3,17,8,31281,782
마블트리,9,5,8,14,35,2,2,1,2027,50
디젤엔진오일첨가제,2,0,6,0,1,3,23,13,67765,1694
발열도시락,5,7,12,0,18,4,16,2,15601,390
퍼마텍스,1,2,7,7,25,5,9,1,5792,144
캐리어손잡이,3,5,3,0,30,3,7,0,4509,112
더분스펀지,0,8,5,27,34,3,1,2,4100,102
케틀벨,0,6,6,1,13,5,14,8,27477,686
미도어묵,2,5,11,0,17,5,13,5,13019,325
앱코키보드,0,0,2,2,5,2,21,12,42517,1062
조성아레이빔업,1,0,7,26,33,2,4,1,5158,128
조성아레이빔업크림,1,0,7,26,33,2,4,1,5191,129
포맥스사육장,2,1,8,0,33,2,5,0,1814,45
닥터지폼클렌징,4,6,12,6,19,4,8,9,72266,1806
화재감지기,3,2,12,1,17,8,8,7,26850,671
만능양념장,5,2,11,2,11,5,18,6,17530,438
야자매트,11,8,2,0,19,5,16,0,6616,165
카페라떼잔,0,3,10,0,27,3,7,3,9653,241
스틸레토망치,14,1,8,17,39,0,1,0,146,3
골든벨수저세트,0,4,19,1,25,5,7,3,16563,414
립그립,1,0,2,1,16,3,20,1,8897,222
스펀지여과기,1,2,7,3,9,4,23,4,21434,535
보청기배터리,8,5,6,2,17,4,16,3,26705,667
극세사샤워가운,2,8,2,2,21,3,13,3,10288,257
홀딩도어,14,3,8,4,18,2,15,5,22593,564
남아가디건,6,11,6,0,33,3,3,1,2467,61
스카트위생행주,2,2,15,17,15,5,16,4,17326,433
현금다이어리,15,4,17,1,28,3,9,0,2978,74
푸드세이버진공팩,8,2,13,17,32,2,5,1,4170,104
크록스키즈털,3,0,14,2,26,3,9,2,4763,119
낫포유바디미스트,8,5,16,9,35,0,3,2,16740,418
채우다모,2,1,13,23,35,0,5,0,1458,36
앵커크림치즈,0,3,6,5,25,4,8,3,14875,371
비단멍게,3,3,1,26,28,3,1,1,3644,110
캠벨포도,13,9,11,7,29,4,6,1,3363,84
이유식찜기,4,16,18,2,20,5,11,4,11945,298
스타벅스카페베로나,9,6,16,7,27,5,5,3,11419,285
S-FAN50,15,6,14,4,30,2,5,3,23635,590
스파이더맨옷,13,7,10,10,27,2,7,4,11542,288
관절살리도,18,5,7,8,35,1,4,0,1371,34
과일자르기,3,6,5,3,21,6,7,6,32430,810
산펠레그리노탄산수,7,3,17,8,13,8,14,5,19398,484
온더바디발을씻자,4,1,15,12,18,2,10,10,58220,1455
귀수에기,2,1,15,13,26,3,11,0,3367,84
카웨코알블랙,14,6,6,10,33,3,3,1,2756,68
생유자,15,9,13,3,29,2,6,3,6402,160
칠순잔치상차림,15,1,16,2,22,6,11,1,6164,154
브릭오,0,0,29,4,33,3,3,1,3356,83
칼가는기계,3,0,6,0,29,3,8,0,3529,88
청도감말랭이,9,13,9,8,9,4,20,7,53091,1327
고멕서스더블핸들,0,2,35,3,17,9,12,2,6860,171
아르떼펠레,4,1,6,2,34,1,5,0,1834,45
주니어발레복,0,14,11,0,23,3,13,1,9307,232
냉장고탈취제,2,3,9,3,7,6,14,13,38033,950
거북이여과기,1,4,13,2,14,13,10,3,11526,288
범표원두,2,0,21,17,24,5,9,2,7123,178
바이올린줄,0,2,19,0,19,6,15,0,5313,132
늙은호박즙,7,12,7,4,4,5,22,9,46260,1156
캠핑양념통,4,6,11,2,17,2,18,3,11252,281
바이오더마클렌징워터,0,4,13,12,16,3,11,10,52322,1308
습식코팅제,2,5,4,5,22,2,15,1,8696,217
토끼무드등,9,10,10,5,22,4,10,4,12475,311
LED응원봉,8,14,3,0,18,5,11,6,34863,871
멜리사앤더그,4,4,8,4,33,2,4,1,2396,59
우동그릇,3,5,6,0,26,4,3,7,49788,1244
지베르니파운데이션,1,1,6,26,30,3,6,1,5691,142
가스인두기,0,0,3,0,32,5,3,0,1235,30
가필드모래,4,0,16,18,27,1,9,3,11649,291
팡가시우스,6,1,16,17,35,2,3,0,1037,25
나이키헤드밴드,4,4,18,10,26,4,7,3,21143,528
에비오스,8,6,13,12,20,8,11,1,8594,214
강아지전기장판,14,5,14,7,26,5,5,4,8277,206
밀키스제로,13,9,11,4,31,2,4,3,14781,369
가림천,5,7,4,0,19,4,12,5,14266,356
자로우판토텐산,4,8,17,10,24,2,11,3,26125,653
반영구색소,13,8,19,0,19,5,14,2,8468,211
볶음고추장,1,1,6,0,23,5,8,4,10730,268
제스프리그린키위,7,7,14,12,24,2,10,4,12394,309
비앤비세제,2,7,11,15,12,3,17,8,94320,2358
불스원샷경유,6,5,9,13,20,2,13,5,15239,380
중량벨트,2,3,3,0,27,2,10,1,7871,196
프로크리에이트브러쉬,25,11,1,3,19,7,13,1,6581,164
아령5KG,3,4,6,6,11,3,12,14,81950,2048
날진물통,2,1,16,1,23,4,11,2,12181,304
TTC우레탄완충기,14,25,0,1,37,0,3,0,1211,30
보쉬열풍기,0,0,6,2,32,4,4,0,1451,36
진주피어싱,3,7,15,0,9,4,21,6,24315,607
작은창문커튼,5,8,22,4,12,3,16,9,45733,1143
프리믹스부동액,4,3,6,22,24,4,8,4,12338,308
홍어코,12,3,2,23,33,1,5,1,4225,105
이젤패드,0,0,5,0,34,2,4,0,1447,36
송가네장작,2,0,37,1,31,3,5,1,54596,1364
KOSS헤드폰,3,2,10,12,32,5,2,1,3394,84
몬스위트칠리소스,3,1,13,17,25,3,9,3,8561,214
명작1단계,10,2,3,18,28,2,4,6,30820,770
수산홈텍,9,3,5,6,33,3,3,1,9819,245
캠핑반합,2,13,19,1,20,8,7,5,14143,353
경량안전모,0,0,2,1,32,4,3,1,2133,53
레이핸들커버,6,9,12,0,18,3,17,2,16263,406
노브랜드물티슈,8,4,14,11,22,3,10,5,16839,420
천하장사소세지,0,1,6,3,13,2,17,8,34983,874
갯지렁이,6,20,11,3,7,4,20,9,23268,581
한샘식기건조대,1,1,5,0,15,8,13,4,12674,316
홈드라이크리닝,0,4,8,26,18,9,12,1,7125,178
닥스머플러,8,0,5,0,32,3,5,0,1345,33
당플랜프로,2,2,7,26,25,3,11,1,9048,226
레이저퍼터,2,0,3,1,38,0,2,0,379,9
가그린제로,1,3,8,22,17,0,13,10,72583,1814
항암모자,7,14,13,0,12,3,18,7,30123,753
프로폴리스아연C,6,6,12,1,18,4,14,4,24790,619
곰취,11,6,5,18,32,1,7,0,2544,63
요플레제조기,8,9,16,7,26,3,8,3,8580,214
산펠레그리노,7,4,15,9,12,8,15,5,19548,488
AHD후방카메라,7,3,9,18,32,2,5,1,4164,104
깨갈이,2,2,6,2,19,5,12,4,18960,474
양말목,3,11,8,0,13,2,13,12,53782,1344
감말랭이,10,11,13,6,11,3,20,6,36427,910
언더아머더플백,2,0,7,0,37,0,3,0,898,22
갤럭시S23울트라대여,19,10,6,1,25,6,5,0,2326,64
아몬드분말,2,1,20,16,7,3,23,7,30682,767
이케아둑티그,5,11,14,2,31,1,5,3,7586,189
양송이스프,1,0,18,12,13,4,15,8,38957,973
니트셋업,9,4,6,3,25,3,11,1,5127,128
자석소마큐브,0,2,2,0,29,2,9,0,3146,78
화이트식초,2,4,18,9,14,6,17,3,21696,542
드럼연습패드,0,2,4,1,33,2,3,2,6332,158
공업용계산기,3,3,2,1,37,2,1,0,408,10
키친아트식품건조기,1,2,11,5,23,7,6,4,17931,448
미니칠판,6,12,13,9,25,1,8,6,27200,680
핸즈프리리드줄,5,8,7,0,18,2,14,6,18533,463
과일자르기장난감,2,4,8,2,27,3,7,3,23587,589
수류탄배터리,5,4,21,7,30,3,7,0,2037,50
바다낚시구명조끼,4,4,6,1,30,4,6,0,1507,37
뉴케어하이프로틴,10,1,14,14,32,1,4,3,9457,236
백설공주드레스,0,18,10,0,14,4,13,9,49060,1226
나무간판,9,4,13,0,17,5,14,4,13048,326
냄비뚜껑거치대,1,4,8,0,18,2,17,3,13418,335
메팔푸르트팟,1,4,4,1,37,0,3,0,764,19
쪽쪽이살균기,8,1,6,5,29,4,5,2,4983,124
고창복분자주,4,6,9,14,27,3,8,2,13339,333
전동연필깍이,1,0,2,0,22,7,9,2,8193,204
전동연필깎이,1,1,2,1,19,8,10,3,9537,238
하루야채,1,24,11,4,28,1,10,1,7307,182
발해먹,1,2,0,0,31,2,6,1,3995,99
날치알,3,0,20,16,9,3,17,11,45953,1148
소방감지기,2,2,21,1,10,8,16,6,28761,719
템퍼베개커버,4,9,11,2,15,5,13,7,20885,522
막국수,0,1,8,2,21,1,15,3,22644,566
임산부의날,11,1,5,15,39,0,0,1,25569,639
산소계표백제,0,1,8,16,8,7,18,7,44731,1118
목초액,3,5,4,9,16,2,18,4,17793,444
멸치육수,5,1,16,9,16,1,17,6,29553,738
크리넥스빨아쓰는행주,4,0,10,13,16,5,16,3,11974,299
요넥스배드민턴가방,0,4,2,0,15,10,15,0,4254,106
밀크박스,7,8,13,4,10,2,20,8,22935,573
수제유자청,15,2,11,5,21,5,12,2,8531,213
요술풍선,11,11,12,0,23,6,9,2,8782,219
취청오이,5,9,10,16,24,5,10,1,15622,390
마이비데키즈,6,4,6,17,18,6,10,6,24627,615
주름패치,3,6,14,6,15,2,10,13,67134,1678
생활한복원피스,9,3,16,0,31,3,6,0,2174,54
육군베레모,3,3,0,4,37,0,3,0,1356,33
아큐첵퍼포마시험지,1,5,13,18,16,2,15,7,26282,657
단감말랭이,8,5,3,24,34,3,2,1,2374,59
콘트라베이스블랙,8,1,6,20,18,3,13,6,30889,772
보늬밤,12,5,16,7,27,5,8,0,1982,49
저주파마사지,4,3,4,1,15,3,16,6,36298,907
키즈이어머프,7,1,7,1,37,2,1,0,929,23
펩시제로210,4,11,15,9,26,2,9,3,166255,4156
차량블루투스연결,7,10,15,7,30,1,5,4,13347,333
티즐제로,0,0,7,1,31,1,6,2,12667,316
여행용세면도구파우치,3,5,9,0,17,3,17,3,10119,252
먼지제거스프레이,10,4,15,11,27,1,7,5,23944,598
테트라비트,1,1,9,5,10,9,18,3,17877,446
감귤주스,8,5,11,7,14,7,13,6,18519,462
차량용쓰레기봉투,5,13,8,7,5,6,17,12,49341,1233
에바비바립밤,4,1,3,32,38,1,1,0,336,8
인형만들기키트,13,3,7,1,25,3,8,4,31294,782
큐라덴,2,5,6,20,15,1,16,8,40946,1023
나이키신발주머니,11,5,18,6,26,3,9,2,7492,187
페리에탄산수,10,2,19,5,25,0,11,4,13301,332
강아지어질리티,6,3,1,0,34,1,5,0,1759,43
소다믐생강청,19,2,4,15,31,3,6,0,3047,76
나시카망원경,16,1,6,17,36,3,1,0,767,19
로마샴푸,4,7,12,9,14,7,15,4,24538,613
미니각티슈,1,2,10,12,4,2,20,14,53950,1348
보리쌀,2,5,23,9,9,5,16,10,38674,966
치아접착제,5,2,0,2,36,2,2,0,847,21
라이프타임테이블,13,5,6,1,33,2,5,0,2121,53
절구통,0,0,3,0,33,2,3,2,3832,95
돌멍게,7,11,16,6,21,5,7,7,24525,613
일체형어항,1,1,10,1,27,3,9,1,4582,114
자숙꼬막살,5,5,23,7,19,5,13,3,11024,275
발바닥파스,15,14,5,6,23,3,11,3,24316,607
쿠루토가샤프,6,4,10,2,21,1,13,5,14459,361
새꼬막,4,13,13,10,7,4,14,15,142556,3563
휴비딕체온계,2,1,3,2,25,2,8,5,37546,938
간장게장소스,2,5,9,6,22,3,13,2,8393,209
부대찌개밀키트,9,5,3,6,4,5,18,13,81044,2026
산후손목보호대,4,3,11,3,23,5,9,3,14743,368
마크라메실,2,4,9,6,11,4,18,7,24614,615
언더베드수납함,2,2,15,0,25,3,7,5,21371,534
짐바브웨달러,10,4,2,9,39,1,0,0,219,5
텐트실링팬,7,1,6,25,34,2,4,0,1015,25
CFX-C100D,7,3,19,4,6,1,29,4,31822,795
부자의그릇,9,3,6,9,36,0,3,1,2766,69
압박복,0,2,11,0,6,4,27,3,13043,326
농구공가방,1,4,4,0,19,4,16,1,7329,183
야마시타토토슷테,3,2,12,5,26,2,9,3,20382,509
픽디자인,3,0,19,1,24,4,10,2,6884,172
소형위치추적기,15,2,1,22,34,5,1,0,576,14
건매생이,3,3,14,20,20,5,11,4,13679,341
복싱줄넘기,1,6,2,1,24,1,10,5,24832,620
바비온바리깡,1,14,3,4,16,6,11,7,36751,918
중형견패딩,4,12,16,0,14,4,18,4,16864,421
무소음붕붕카,2,0,11,0,24,6,10,0,4492,112
어그방수스프레이,13,8,6,1,34,1,5,0,3004,75
여행용라면포트,9,7,14,10,29,3,5,3,14404,360
슬리퍼걸이,9,6,10,0,9,6,18,7,32934,823
요고바라때돌이,1,3,2,6,12,0,1,0,323,24
아덱스A45,5,4,8,6,31,3,5,1,3677,91
아이브미니앨범,2,3,22,0,34,2,4,0,1521,38
BW-100,6,4,13,15,21,3,10,6,22125,553
쌀세척볼,7,3,8,2,17,7,10,6,13338,333
버박치약,12,9,7,9,24,2,10,4,54326,1358
베르블랑섬유유연제,2,2,5,25,33,0,6,1,6920,173
비앤비섬유세제,2,5,11,15,18,5,12,5,80684,2017
수능선물세트,4,6,4,1,28,2,9,1,5942,148
큐라덴치간칫솔,1,6,1,32,22,4,13,1,5913,147
인슐린주사기,2,5,19,9,13,4,18,5,19581,489
투명아크릴액자,2,3,13,0,19,4,11,6,16476,411
목이버섯,4,9,23,3,3,5,23,9,27420,685
신생아보넷,2,4,16,0,20,2,10,8,27149,678
생밤,11,11,16,2,11,8,17,4,24989,624
엔진오일코팅제,3,2,11,8,8,2,19,11,53282,1332
나랑드사이다파인애플,5,7,9,16,27,2,7,4,17108,427
셀렉스썬화이버프리바이오틱스,5,2,4,26,26,5,6,3,25326,633
BMW붓펜,4,11,24,1,18,3,17,2,11522,288
빅사이즈비키니,3,4,7,2,34,0,4,2,9791,244
반건조무화과,1,9,15,15,7,2,18,13,47149,1178
에폭시접착제,0,4,12,3,16,6,14,4,25206,630
웰치스제로,0,3,13,17,15,2,12,11,50067,1251
파이나밀전동그라인더,11,1,7,20,38,0,2,0,450,11
전기컨벡터,4,6,17,3,19,9,6,6,14651,366
피지제거핀셋,16,10,7,7,28,5,4,3,20199,504
축구화가방,6,3,16,3,22,7,9,2,7486,187
거북이밥,0,2,9,2,17,2,19,2,14190,354
오이스터3방풍커버,2,2,26,4,30,3,7,0,1970,49
베일리바오,7,0,4,18,26,3,6,5,18173,454
베일리바오머리보호대,3,0,5,11,26,2,7,5,18344,458
발디딤대,2,1,7,1,18,9,9,4,25609,640
자바라문,11,3,8,4,20,2,13,5,22255,556
자바라도어,10,3,7,4,22,1,12,5,21963,549
부분과전체,4,0,5,2,35,1,4,0,1491,37
실리콘스프레이,0,2,13,4,15,4,13,8,33205,830
점핑큐브,13,0,2,23,37,1,2,0,634,15
바이오가,10,12,8,0,26,2,3,9,110018,2750
카놀라유식용유,4,2,6,12,12,5,16,7,52623,1315
간이신발장,1,4,6,1,30,4,4,2,58619,1465
아기토퍼,0,6,6,1,13,5,19,3,21201,530
배달우주복,1,2,0,2,39,1,0,0,241,6
유리본드,4,9,2,2,30,1,6,3,13700,342
카톤전동분무기,6,7,7,3,28,2,8,2,5501,137
COQ10,9,9,12,3,17,1,12,10,148240,3706
설거지비누,1,14,9,0,3,1,22,14,69517,1737
골제로,5,2,8,3,24,3,10,3,9201,230
끈끈이트랩,5,3,14,14,3,1,21,15,45537,1138
슈에무라클렌징오일,3,4,21,9,31,2,7,0,2955,73
메종키츠네에코백,9,2,13,2,30,4,5,1,4076,101
옛날교복대여,5,13,21,1,31,1,6,2,10372,259
빈타이포타쌀국수,8,1,1,20,28,2,10,0,3487,87
메가박스예매권,2,4,5,19,23,2,7,8,56974,1424
생선후라이팬,11,13,6,8,33,2,3,2,5507,137
필라델피아크림치즈,3,1,5,6,16,5,17,2,10224,255
폰터스구명조끼,4,5,1,2,31,2,7,0,3156,78
아이브얼빡포카,7,3,0,8,39,0,1,0,228,5
슈올즈,13,0,0,18,38,2,0,0,253,6
숀리스쿼트,3,0,1,30,31,2,6,1,2847,71
숀리스쿼트머신,3,0,1,30,31,2,6,1,2850,71
의류염색약,8,8,6,1,20,0,13,7,23473,586
생선그릴,4,4,7,17,29,4,6,1,3750,93
닥스스카프,3,0,14,0,36,3,1,0,841,21
지퍼락,1,2,8,9,10,4,19,7,40934,1023
통깨,6,2,23,8,5,6,20,9,34999,874
열패치,1,1,4,2,27,4,6,3,7191,179
샤프란아우라건조기시트,3,6,18,9,14,4,16,6,76580,1914
가정용저주파치료기,7,4,7,3,31,1,6,2,5802,145
캠핑설거지건조대,4,0,6,0,30,4,2,4,12543,313
딤채김치통,3,2,5,4,26,6,8,0,2658,66
날짜스탬프,3,5,3,0,28,4,6,2,7446,186
도넛방석,3,8,4,0,19,6,8,7,32763,819
호신용호루라기,6,5,4,3,30,3,5,2,6143,153
실리만,1,3,5,3,19,2,16,3,11062,276
이오나이저,1,1,0,0,39,1,0,0,72,1
미닛메이드오렌지,2,2,18,14,20,4,11,5,15011,375
얼굴마사지기구,9,13,15,3,7,3,16,14,106788,2669
닭봉,1,8,14,16,10,6,16,8,36118,902
셀프스튜디오,35,5,0,0,13,6,19,2,13092,327
빌보고블렛잔,3,2,5,5,31,2,4,3,16217,405
아일랜드파티션,7,2,1,1,32,2,6,0,2664,66
갤럭시탭S9플러스필름,0,0,1,7,12,3,16,9,44303,1107
메타그린골드,4,12,4,20,28,4,7,1,14445,361
테일러푸룬,1,1,21,17,12,1,19,8,40527,1013
꼬막살,4,5,25,6,17,5,15,3,11861,296
송명섭막걸리,0,2,3,10,11,1,2,1,2274,151
콩잎장아찌,8,12,6,2,11,7,18,4,21039,525
코스트코사과주스,1,7,19,13,29,2,6,3,9272,231
예단봉투,15,3,10,1,14,1,13,12,45156,1128
자스민차,1,5,4,3,23,3,12,2,7526,188
벌통,2,2,0,0,37,1,2,0,1053,26
엠피온하이패스,0,8,4,12,27,2,7,4,51260,1281
산리오쿠키틀,4,2,3,6,36,0,4,0,1413,35
전선풀링기,11,1,6,22,36,1,3,0,814,20
분리수거가방,5,4,8,4,24,5,6,5,57126,1428
카시트발받침,5,8,4,0,33,1,3,3,10842,271
아기어그,16,7,10,2,30,5,5,0,2177,54
전면책꽂이,4,1,15,1,24,2,9,5,12057,301
앉은뱅이바퀴의자,8,9,16,3,17,5,10,8,23943,598
고래사꼬치어묵,0,1,12,4,21,3,11,5,32785,819
파이프밴딩기,2,0,1,0,38,1,1,0,290,7
마이하트포도,11,14,11,4,28,4,8,0,2426,60
대나무숯,2,5,0,1,36,1,2,1,1968,49
니트프로진저,1,6,11,0,22,6,11,1,5540,138
건고추가격,7,6,17,10,9,2,20,9,27073,676
방독마스크,11,7,16,0,8,3,22,7,26432,660
에어보스카시트,9,0,1,26,33,0,7,0,2400,60
콩잎김치,11,7,8,5,27,2,7,4,16076,401
축구교실,31,0,2,4,39,0,0,1,3734,93
브라이트스타트,1,2,13,3,23,5,5,7,21017,525
수정탄,4,3,12,1,26,1,13,0,3171,79
미꾸라지,4,6,17,13,23,5,9,3,12476,311
그림스,18,0,5,0,33,4,2,1,3073,76
외장ODD,5,4,9,4,13,6,17,4,23758,593
시에라컵,1,2,13,2,12,11,15,2,10727,268
태백산맥,1,0,3,8,36,2,1,1,1800,45
실리만조리도구,5,4,5,3,38,0,2,0,538,13
정장옷걸이,6,6,21,2,5,7,14,14,129418,3235
우거지,3,12,20,5,14,4,16,6,24742,618
엽서청첩장,10,4,2,3,32,1,6,1,4045,101
나이키크로스백,1,6,25,5,21,6,8,5,11167,279
고양이헤드셋,24,3,3,10,37,0,3,0,1184,29
가재수건,2,6,8,2,4,3,19,14,71996,1799
스탠딩지퍼백,6,7,16,4,8,4,16,12,69935,1748
랩시리즈,2,0,11,5,12,7,15,6,23042,576
GNC밀크씨슬,5,1,11,14,13,2,19,6,36489,912
전기멀티쿠커,7,5,12,10,25,4,9,2,9437,235
레미콘,1,2,11,0,26,2,7,5,11222,280
어린숨마스크,0,10,10,2,10,4,17,9,59534,1488
건고추,7,6,17,10,9,2,20,9,27034,675
생선구이팬,8,7,15,9,18,6,13,3,12129,303
화구통,1,1,1,0,30,2,7,1,5101,127
불스원방향제,2,4,8,11,9,3,20,8,54486,1362
이유식도마,1,4,16,1,10,5,18,7,44082,1102
핫초코,0,0,8,8,14,1,18,7,20130,503
학꽁치포,13,10,5,12,24,9,5,2,6343,158
상황버섯,12,4,14,3,18,3,14,5,15967,399
물미역헤어팩,9,0,6,23,29,4,4,3,23736,593
캐틀벨,1,5,4,1,16,5,13,6,20466,511
커틀벨,1,5,4,1,16,5,13,6,20468,511
연근,6,19,9,6,6,4,16,14,47595,1189
아나고회,13,8,4,15,27,2,10,1,5915,147
베타어항,5,3,17,1,9,6,21,4,14280,357
꼬시래기,5,9,14,12,10,4,17,9,35765,894
슈너글,3,5,3,12,28,5,4,3,14762,369
기계식계산기,7,9,7,0,26,3,11,0,2747,68
팥앙금,1,5,10,2,12,10,14,4,13108,327
강주,5,3,7,23,37,0,3,0,1577,39
메로골드자몽,4,8,20,8,16,8,13,3,11935,298
중국유심,3,1,20,16,8,3,19,10,78715,1967
샤오미쓰레기통리필,2,9,8,20,23,6,11,0,4377,109
쏜리서치종합비타민,8,2,10,19,31,0,7,2,7249,181
강아지짖음방지기,2,4,2,2,25,5,8,2,8490,212
리파하트브러쉬,9,5,12,13,36,0,3,1,7486,187
리파하트브러시,10,5,12,12,36,0,3,1,7484,187
셀렉스코어프로틴,6,6,6,14,24,2,8,6,65847,1646
레몬스퀴즈,3,3,3,0,30,1,9,0,3658,91
신생아겉싸개,4,6,7,2,22,7,8,3,11700,292
잡초제거기,2,0,5,3,33,3,4,0,2318,57
후지XT30,13,2,1,24,39,1,0,0,99,2
그로밋차량,22,14,0,4,34,2,4,0,1731,43
싼타페MX5PPF,5,16,16,3,38,0,2,0,924,23
어질리티,6,4,0,0,34,1,5,0,1738,43
레오나르디화이트발사믹,4,5,13,18,23,6,10,1,12764,319
자외선차단필름,4,5,21,1,5,6,15,14,121910,3047
모니터받침대서랍,7,14,14,1,11,4,17,8,26008,650
피땅콩,16,5,10,9,24,6,6,4,9783,244
짖음방지기,2,5,1,3,22,6,10,2,9309,232
에버크린,1,1,24,7,7,2,21,10,47470,1186
곤드레나물,7,9,19,5,6,4,22,8,107686,2692
나이키슈즈백,4,8,22,5,26,3,9,2,7317,182
디디오랩정수기,0,0,4,34,38,1,1,0,743,18
넥스트레쳐,9,3,7,4,22,3,13,2,26209,655
헤드스파7볼륨매직스타일러,1,1,6,30,36,1,2,1,2107,52
대광기포기,0,1,3,2,31,3,4,2,7504,187
캠핑싱크대,7,4,7,2,34,1,5,0,1028,25
전화타로,27,13,0,0,8,2,17,13,32425,810
일우CD플레이어,1,0,2,29,30,1,5,4,13076,326
강원도감자,9,12,15,2,13,4,16,7,75356,1883
문걸이선반,4,8,8,0,22,4,10,4,21291,532
효도라디오,5,11,21,2,14,3,17,6,32815,820
체중계인바디,4,1,5,4,15,8,10,7,230312,5757
헤드테니스가방,2,4,9,0,35,1,4,0,1583,39
전자호루라기,0,2,8,1,14,12,12,2,8755,218
스마트훌라후프,3,2,5,4,17,4,10,9,23160,579
옥수수빨대,7,10,21,2,11,7,15,7,32548,813
쌍테,9,13,12,6,9,4,16,11,78265,1956
인덕션뚝배기,8,5,18,2,14,3,20,3,13374,334
레인보우프렌즈레고,0,1,1,2,39,1,0,0,142,3
운전석햇빛가리개,14,15,8,2,12,5,10,13,87230,2180
극락조,8,2,16,14,20,2,12,6,14628,365
그린보수기,2,3,1,0,32,1,7,0,2057,51
술디스펜서,16,13,11,0,26,3,10,1,5495,137
LED직부등,1,5,28,3,2,1,17,20,169133,4228
배워머,3,5,5,1,22,6,9,3,11543,288
빕스상품권,1,0,10,29,26,5,7,2,9416,235
쉬크하이드로5면도날,3,10,10,13,15,5,14,6,24304,607
스완스수경,4,1,9,1,28,2,9,1,4363,109
둥굴레차,2,5,9,11,10,5,19,6,30464,761
G640,7,3,14,14,32,1,6,1,4543,113
철제이젤,2,2,3,0,34,2,2,2,9699,242
조르단칫솔1단계,5,11,4,16,26,6,5,3,17725,443
질레트프로글라이드,8,4,19,4,15,4,14,7,31849,796
한복뒤꽂이,13,10,10,1,17,7,8,8,40166,1004
타트체리원액,6,5,5,19,12,2,17,9,76288,1907
충전식센서등,7,4,17,6,12,2,12,14,54663,1366
듀얼쇼크4,8,6,9,11,20,6,11,3,8730,218
라바콘,0,1,3,1,30,4,5,1,6128,153
창문썬팅지,5,7,16,2,6,8,13,13,102094,2552
클린웜코튼,4,5,8,20,25,3,7,5,25743,643
메이크프렘,0,2,5,4,10,0,13,17,71961,1799
아기독서대,7,3,7,2,34,2,2,2,7067,176
여아스타킹,2,24,9,1,11,2,17,10,39279,981
아토팜판테놀,1,3,7,26,34,1,3,2,5554,138
헬로카봇장난감,2,3,24,2,26,6,5,3,16647,416
아토팜판테놀크림,0,3,8,25,32,2,4,2,5808,145
깐메추리알,2,1,19,18,22,4,8,6,17160,429
국내여행지도,10,6,23,1,11,4,14,11,36354,908
우주복패딩,4,3,15,2,32,3,4,1,4834,120
씻겨내수,4,2,3,31,38,0,2,0,1464,36
폴리코사놀5,9,3,11,16,17,5,10,8,39374,984
에네루프충전지,2,5,15,12,10,5,21,4,20489,512
강아지외장칩,11,10,0,3,34,0,6,0,3547,88
미역귀,3,9,11,17,6,3,20,11,58324,1458
트리오르골,2,5,7,2,19,9,9,3,10088,252
GS편의점상품권,0,0,10,7,10,1,4,2,11103,653
퍼실캡슐세제,2,1,8,19,12,6,14,8,58855,1471
바나나칩,2,8,13,17,9,4,14,13,55562,1389
가루분쇄기,9,5,8,18,32,6,2,0,1138,28
할머니내복,3,12,7,1,21,4,10,5,38440,961
메추리구이,18,4,7,10,36,0,4,0,1114,27
닭목살,3,10,22,5,9,4,22,5,31548,788
축구패딩조끼,12,4,13,0,35,4,1,0,757,18
키높이발판,3,5,5,0,27,4,8,1,3509,87
페티코트,0,1,1,1,39,0,1,0,335,8
율무차,0,0,0,2,11,7,15,7,22822,570
얼린수박,6,0,4,27,33,0,6,1,7348,183
고추장굴비,17,0,7,16,20,5,11,4,14750,368
동원맛참,4,2,5,27,38,0,2,0,647,16
네일트리머,2,5,1,3,21,5,11,3,23824,595
백악관탈취제,15,3,12,7,33,2,5,0,3157,78
짐벌셀카봉,7,4,8,13,23,4,11,2,14557,363
카네이션기저귀,9,14,6,8,26,5,8,1,5878,146
아기워터매트,10,8,9,6,19,4,11,6,20572,514
핑크퐁펜,4,3,2,13,37,1,2,0,502,12
에네루프,1,6,17,9,9,4,23,4,21264,531
알로에이뮨스틱,0,5,15,18,26,4,7,3,16012,400
생화택배,5,15,20,0,9,5,19,7,37376,934
성인용비비탄총,14,11,4,4,31,2,6,1,5463,136
글래드매직랩,4,2,13,12,14,3,13,10,52767,1319
브리오기차,3,5,6,0,36,0,4,0,836,20
워터매트,6,8,8,4,16,3,14,7,22870,571
유모차장난감,1,4,4,2,16,4,17,3,11657,291
나이키버킷햇,3,4,18,7,29,3,7,1,7806,195
해피콜생선팬,6,5,9,17,31,3,4,2,5335,133
아기볼풀장,1,3,4,0,24,2,9,5,16702,417
너비아니,0,2,4,0,19,1,16,4,25205,630
아기행거,8,8,15,5,16,3,16,5,12315,307
소형라디오,4,9,24,3,16,5,14,5,31167,779
디즈니보석십자수,4,2,5,1,28,1,8,3,11875,296
보조배터리30000,4,4,8,14,13,4,16,7,25036,625
강아지보양식,6,12,20,2,2,0,27,11,101753,2543
야구수비장갑,0,0,1,0,34,2,3,1,2280,57
황석어젓갈,12,8,12,8,23,7,7,3,28109,702
치즈볼,9,0,2,2,20,4,13,3,26170,654
굴젓,15,7,13,5,20,7,10,3,21923,548
타일보수,12,6,8,1,19,3,14,4,22965,574
나스섹스어필블러셔,6,2,7,24,36,0,3,1,7461,186
스테들러S펜,8,3,10,16,30,2,7,1,3832,95
롯데보일러온도조절기,1,0,5,34,37,2,1,0,984,24
글래드랩,5,2,12,12,14,3,13,10,52766,1319
에뛰드픽싱틴트,1,2,10,21,27,1,9,3,29503,737
앵커버터무염,2,1,11,6,10,6,18,6,52379,1309
나박김치,2,4,13,20,9,2,22,7,21220,530
도미넌트현,7,1,11,0,27,3,10,0,4478,111
오르간페달,2,17,19,2,10,8,20,2,9417,235
미니트롤리,3,6,8,3,34,1,3,2,6265,156
미니식기건조대,4,3,6,3,15,2,13,10,42950,1073
임실치즈,2,3,11,2,16,8,12,4,12543,313
코도모칫솔,2,11,12,10,17,7,10,6,14435,360
코큐텐효능,26,3,9,2,35,0,5,0,1101,27
선불유심구매,5,7,25,3,6,2,17,15,79123,1978
그루밍토닉,4,3,8,6,15,5,15,5,13562,339
유아시계,2,7,5,0,19,6,12,3,21047,526
비비안웨스트우드스타킹,9,9,6,1,27,4,8,1,5007,125
네스프레소캡슐보관함,8,12,7,2,12,4,16,8,43890,1097
모윰젖병,2,5,2,16,11,3,20,6,20880,522
스타우브손잡이,5,3,17,15,31,3,4,2,4796,119
크린스틱,0,0,4,1,11,5,17,7,45336,1133
코스트코프로틴바,2,4,17,17,17,6,14,3,16407,410
코스트코단백질바,1,4,19,16,15,6,16,3,17237,430
페스츄리오징어,1,6,10,1,10,2,20,8,23298,582
유아독서대,5,6,6,3,28,5,5,2,7878,196
오복가위,3,5,10,5,23,5,10,2,37442,936
요거트파우더,0,1,3,4,6,8,22,4,15936,398
현관문잠금장치,5,2,10,0,19,2,15,4,18465,461
홍산마늘종자,1,3,0,13,15,1,1,0,546,32
빌레로이앤보흐고블렛,1,2,4,5,22,6,6,6,28958,723
아이패드미니6케이스,4,5,2,2,11,3,20,6,18723,468
아몬드브리즈프로틴,2,8,12,17,17,0,14,9,118707,2967
타지마줄자,1,0,7,2,28,3,8,1,7818,195
스투시모자,6,0,15,0,33,1,5,1,2897,72
씨플로,2,4,13,14,22,3,11,4,18947,473
킬레이트마그네슘,8,9,13,9,27,3,9,1,9159,228
제주레드키위,10,10,15,5,12,4,17,7,15901,397
라네즈네오파우더,4,4,4,20,31,0,3,6,21992,549
누름판,0,1,3,2,34,3,2,1,6032,150
물온도계,1,1,3,1,31,1,5,3,9258,231
문끼임방지,4,10,8,0,16,2,11,11,31718,792
PPT포인터,4,9,11,4,8,3,25,4,15833,395
세차솔,0,1,3,1,22,7,9,2,15321,383
멜팅컷티,3,0,4,23,30,0,1,0,564,18
염장다시마,2,8,20,10,11,6,14,9,35270,881
셀프파마약,6,18,11,4,7,5,14,14,124161,3104
코코도르디퓨저,0,1,8,1,7,4,10,19,110668,2766
아오맥스,0,0,28,2,29,4,6,1,3597,89
강아지목욕탕,7,2,2,0,24,4,9,3,8621,215
물회,13,2,6,8,20,6,12,2,5969,149
의료용발목보호대,3,9,6,0,19,6,10,5,9628,240
퀘스트바,2,0,2,1,36,1,2,1,3649,91
퀘스트프로틴바,1,0,1,1,37,1,1,1,3544,88
호박씨,4,4,19,13,5,4,14,17,69784,1744
아스트로글레이드,4,12,16,8,21,4,12,3,14842,371
물미역,7,13,8,12,11,3,19,7,20990,524
발목모래주머니,10,8,12,4,11,3,16,10,44660,1116
동구밭설거지바,3,3,6,19,28,0,6,6,24787,619
고무신,3,4,1,1,26,4,6,4,16122,403
중량밴드,4,3,14,3,12,4,17,7,36576,914
고임목,0,1,2,0,30,2,8,0,3195,79
자바라커튼,11,3,7,1,24,1,11,4,19187,479
꼬막장,0,1,3,3,28,3,4,5,25087,627
오미나라,0,0,33,7,25,5,10,0,3117,77
DUB대쉬보드커버,0,15,18,4,24,4,8,4,38894,972
탕온도계,1,2,3,2,26,1,11,2,9206,230
유아젓가락,0,11,15,2,14,5,11,10,48576,1214
삼성CTOC케이블,2,5,9,8,1,0,24,15,46551,1163
병원놀이장난감,2,7,14,1,25,4,10,1,5180,129
아기겉싸개,4,5,5,2,22,6,9,3,15828,395
안티포그액,1,1,10,1,22,6,8,4,11433,285
성애방지커버,6,19,12,3,10,3,14,13,63811,1595
복합비료,2,2,12,3,10,8,15,7,28736,718
현관문종,4,4,5,0,14,1,19,6,21277,531
반스체커보드,0,1,9,1,26,5,9,0,4339,108
반건조노가리,2,8,22,8,2,1,26,11,40934,1023
0W20,1,2,4,6,8,1,22,9,22095,552
아크릴간판,8,6,17,0,10,3,15,12,44622,1115
어린이스마트워치,4,3,1,0,33,4,2,1,2127,53
키즈스마트워치,4,3,1,0,33,4,2,1,2124,53
아이브포토북,13,6,8,5,38,1,1,0,336,8
소매치기방지가방,5,10,8,0,36,1,3,0,872,21
요석제거제,2,6,21,9,6,3,19,12,52016,1300
대구원데이클래스,20,1,19,0,39,1,0,0,329,8
보타니컬아트,1,1,0,0,38,0,1,1,9028,225
니트프로,3,4,13,0,24,4,12,0,5391,134
진도구기자,0,3,0,1,30,1,9,0,2710,67
일본발바닥파스,16,12,6,6,29,2,7,2,21618,540
얼라이먼트스틱,1,0,5,1,30,1,6,3,11972,299
부대찌개햄,0,2,8,4,20,4,13,3,11437,285
셀프속눈썹연장,7,20,13,0,9,2,19,10,79287,1982
화이텐,0,4,0,0,35,2,2,1,4324,108
블루보넷킬레이트마그네슘,7,9,16,7,28,2,10,0,2810,70
고시원침대,18,1,2,19,36,1,3,0,843,21
생강즙,6,6,11,11,10,3,19,8,44487,1112
무쉬턱받이,6,4,7,8,29,2,3,6,27050,676
청계란,20,12,8,0,11,9,16,4,13238,330
차량용맥세이프충전기,2,5,6,1,11,6,18,5,19303,482
아기치실,2,3,8,0,29,2,3,6,23623,590
유기농양배추환,7,6,8,7,8,8,18,6,59001,1475
터미타임장난감,5,8,9,1,27,2,8,3,6859,171
슬라이드지퍼백,5,3,20,2,11,4,16,9,61001,1525
국산참깨,4,9,23,4,8,6,16,10,31355,783
식빵등,3,5,23,7,12,15,11,2,12719,317
유니칼슘비료,6,2,8,3,28,3,9,0,2735,68
몽블랑익스플로러,4,2,12,19,29,2,9,0,4762,119
장난감대여,1,9,30,0,11,2,14,13,48555,1213
장판보수,6,4,9,0,20,4,9,7,27511,687
샤넬미스트,5,4,21,3,27,2,8,3,7776,194
새총,1,2,5,1,23,8,7,2,4732,118
요요방풍커버,1,0,22,8,28,3,8,1,8143,203
사각난방텐트,7,3,17,10,28,3,9,0,4061,101
육아일기,7,5,4,1,28,2,7,3,8757,218
중국건담,2,12,14,0,28,4,8,0,4330,108
카톡타로,25,15,0,0,6,2,17,15,35538,888
트위저맨족집게,0,5,25,10,23,5,6,6,16064,401
에드학토치,1,2,3,1,40,0,0,0,22,0
티켓북,5,7,4,0,22,4,7,7,68073,1701
플라스틱옷걸이,3,10,16,6,9,5,11,15,181844,4546
이브자리이불커버,4,0,9,25,32,2,6,0,2187,54
클리오킬커버쿠션,0,4,7,17,17,5,9,9,33433,835
무좀약,11,10,1,3,32,0,6,2,8129,203
매직랩,4,2,13,11,11,4,14,11,54212,1355
하이볼얼음,4,11,10,1,9,3,13,15,103835,2595
타일본드,2,4,17,2,13,6,14,7,31706,792
곰표후라이드오징어튀김,7,2,5,2,32,3,5,0,2479,61
패브릭다이어리커버,6,11,18,0,23,6,10,1,6427,160
다슈왁스,3,3,8,6,11,4,20,5,24773,619
스피도수경,4,2,9,1,32,2,6,0,2646,66
도그페이스,11,7,5,2,32,3,5,0,1290,32
빨래삶는통,2,4,11,1,28,1,8,3,10880,272
반합,4,10,18,2,22,7,6,5,13916,347
수저정리함,4,7,7,0,13,6,14,7,18914,472
디스코드니트로,4,7,2,6,16,1,2,0,739,38
사진인화지,13,7,8,12,17,3,13,7,22568,564
아크테릭스모자,6,2,10,1,36,1,3,0,710,17
여드름패치,2,11,18,8,9,5,14,12,78795,1969
작심랩콤부차,6,1,2,31,33,4,1,2,8500,212
피아노의자,1,1,2,1,28,6,4,2,5478,136
계란보관함,4,6,7,1,14,2,18,6,18509,462
카시오계산기,2,3,2,0,22,4,9,5,18188,454
계양그라인더,3,1,9,10,26,4,10,0,3932,98
다슈,2,3,8,4,12,4,19,5,24382,609
클럭패드,0,6,2,10,22,5,9,4,30015,750
맥스귀마개,4,6,9,1,21,4,10,5,53424,1335
미역줄기,3,4,18,15,2,1,22,15,50078,1251
하트포도,13,12,11,4,27,4,9,0,3364,84
유아세면대,2,1,4,4,30,1,5,4,8611,215
HK416,4,5,7,1,34,1,3,2,4073,101
수동혈압계,0,3,1,0,34,1,4,1,2439,60
피죤블루비앙카,1,4,7,17,25,3,8,4,19965,499
조말론캔들,0,2,2,0,34,1,4,1,4178,104
벽마감재,4,0,0,0,40,0,0,0,33,0
양조식초,2,3,8,10,7,6,12,15,64992,1624
짧은커튼,11,9,20,0,20,3,12,5,24235,605
비비고육개장,1,2,12,22,13,4,8,15,237629,5940
김펀칭기,2,8,11,0,22,5,9,4,16572,414
대방석,2,2,4,0,27,4,8,1,4113,102
어린이치실,0,5,5,1,14,3,15,8,37481,937
아이폰삼각대,9,12,8,5,27,2,6,5,99727,2493
무말랭이무침,0,2,9,1,7,6,20,7,24853,621
미피무드등,19,9,3,9,34,1,4,1,3629,90
모시조개,5,5,15,15,19,3,14,4,35549,888
서울케이크원데이클래스,6,3,31,0,38,0,2,0,422,10
테이블철제다리,4,3,7,0,19,6,12,3,14377,359
냉동절단꽃게,5,3,19,13,9,2,20,9,38710,967
신안새우젓,14,5,14,7,20,7,11,2,7312,182
에폭시페인트,3,4,23,8,20,6,11,3,10923,273
차량용공기주입기,0,2,3,1,30,1,8,1,3477,86
포르자호라이즌5,8,8,8,12,36,2,2,0,508,12
문걸이수납,5,5,3,4,25,3,7,5,26181,654
비비고미역국,1,2,13,20,18,3,10,9,168260,4206
인조잔디축구화,7,4,24,0,32,5,3,0,1064,26
시쿠,1,0,1,0,38,1,1,0,735,18
폴로손수건,4,14,1,0,32,1,6,1,9486,237
국산참깨가격,4,9,23,4,10,6,15,9,29364,734
인섹트도그,0,2,24,9,14,4,14,8,24998,624
하이포닉샴푸,0,3,11,2,9,5,15,11,39102,977
뉴케어액티브,9,9,3,15,29,1,8,2,16186,404
건조기볼,5,9,5,0,21,3,12,4,18210,455
원투릴,3,3,19,8,22,4,14,0,4892,122
레몬착즙기,3,3,8,0,21,5,12,2,8703,217
은박돗자리,1,2,3,2,28,6,4,2,5638,140
브리스킷,8,14,11,7,20,6,11,3,10061,251
구워먹는치즈,5,2,5,1,17,6,12,5,24204,605
침대틈새쿠션,2,2,15,0,24,2,10,4,9858,246
비데티슈,1,4,9,21,5,3,19,13,51760,1294
호랑이막걸리,10,3,12,14,27,2,7,4,13748,343
파마약,3,12,10,0,3,3,24,10,50643,1266
레노덤,19,2,14,4,22,9,8,1,13488,337
명품손수건,16,5,2,3,31,2,5,2,11416,285
리스테린포켓미스트,10,9,7,14,30,4,5,1,4273,106
압소바내의,0,1,7,0,38,1,1,0,559,13
오토바이자석거치대,4,10,14,0,13,5,20,2,11426,285
결혼고사,23,10,0,5,34,2,3,1,11102,277
하네스패딩,7,4,13,1,17,6,14,3,14711,367
아이나비GPS,2,3,17,6,22,3,8,7,17194,429
다이나믹골드S200,30,3,4,3,38,1,1,0,364,9
강경새우젓,11,6,12,11,12,7,13,8,22117,552
쌍액,5,8,5,22,23,4,10,3,10947,273
학예회응원봉,20,12,4,0,28,1,6,5,31754,793
디올헤어미스트,4,3,13,12,32,1,5,2,4590,114
여아패딩조끼,4,3,11,1,39,0,1,0,878,21
스파우트파우치,3,8,20,0,9,3,18,10,64681,1617
아기침대가드쿠션,5,4,15,2,15,5,12,8,26182,654
캡쳐보드,13,6,9,4,15,6,17,2,7923,198
고체왁스,2,2,3,5,18,3,12,7,22038,550
콜팝용기,2,0,6,1,35,2,3,0,1203,30
토양살충제,3,8,8,4,21,5,9,5,35521,888
볶은참깨,4,6,26,4,5,3,20,12,42414,1060
아기손톱깎이,2,5,4,4,18,4,13,5,33909,847
소토레귤레이터,4,1,8,0,27,3,10,0,2709,67
바이오라이트,1,6,31,1,20,4,12,4,13389,334
임산부손목보호대,2,1,18,3,9,3,19,9,98440,2461
미니파프리카,7,8,17,8,9,3,18,10,58160,1454
화동드레스대여,12,10,18,0,29,7,4,0,1678,41
루비로망포도,15,9,3,13,33,4,3,0,1122,28
조지아크래프트,0,6,15,11,14,4,11,11,47172,1179
퀵디테일러,0,4,4,1,7,4,16,13,53654,1341
여행지도,10,4,24,2,12,5,14,9,33784,844
성경커버,12,8,3,4,22,10,5,3,7983,199
오설록녹차,1,6,8,14,18,3,14,5,23235,580
캘러웨이골프공,1,1,13,7,17,6,15,2,9340,233
엄브로토피,6,1,12,1,34,2,4,0,1841,46
자주파자마,0,0,1,1,19,5,14,2,8319,207
문손끼임방지,5,8,8,1,18,4,8,10,29990,749
천하장사,0,0,5,3,12,1,16,11,51432,1285
오토바이보조스크린,4,5,8,0,29,2,8,1,5556,138
홍삼진고,3,0,9,21,17,6,13,4,22403,560
에뜨와내의,0,0,4,0,35,4,1,0,714,17
비아벨로제로픽,5,1,21,13,36,1,3,0,1314,32
오늘부터,5,7,8,15,26,1,7,6,29342,733
맥세이프차량용충전기,2,4,7,1,9,7,18,6,22797,569
포인트키캡,10,9,12,7,15,7,16,2,11852,296
화장실센서등,10,8,19,3,17,1,14,8,85354,2133
룰루레몬요가매트,21,7,5,7,37,2,1,0,318,7
락앤락음식물쓰레기통,1,1,6,11,18,6,7,9,67336,1683
닌텐도스위치커버,0,6,18,4,6,4,26,4,61140,1528
어라운드위고,5,11,19,0,22,6,7,5,20980,524
신발밑창보강,9,15,14,0,18,2,10,10,60914,1522
너구리라면,0,9,15,10,24,2,8,6,83944,2098
플라스틱복원제,1,3,7,0,15,6,15,4,19869,496
종이트레이,2,2,25,11,15,2,13,10,32150,803
소라게,3,9,6,0,11,5,18,6,18897,472
곤약라면,0,9,4,1,31,3,3,3,8902,222
슬링샷,1,0,5,0,27,7,5,1,3567,89
차이슨에어랩,12,3,3,21,40,0,0,0,151,3
머스타드소스,0,2,12,8,8,7,14,11,39203,980
요플레,0,4,9,8,13,3,8,16,101713,2542
소형택배박스,12,8,17,3,13,4,15,8,49684,1242
아기침대계단,26,2,3,0,37,0,2,1,1646,41
자동와인오프너,3,4,3,0,23,3,8,6,17269,431
징코민,8,2,4,5,19,0,0,0,61,3
폼랜스,2,3,8,2,17,8,14,1,7098,177
실버커플링,13,7,17,1,14,3,18,5,15536,388
슈어캔,3,6,10,18,34,2,4,0,1852,46
발을씻자리필,7,1,8,20,28,4,6,2,6023,150
다랑어,5,5,17,13,20,5,12,3,9335,233
MPEON하이패스,0,7,3,15,27,2,7,4,51264,1281
발각질제거제,5,12,15,3,5,4,21,10,37955,948
은커플링,12,8,17,1,11,5,19,5,15784,394
임산부호박즙,23,12,3,1,28,2,7,3,7518,187
비상벨,3,3,1,0,32,4,3,1,3591,89
가평잣엿,9,0,2,4,29,3,5,3,15955,398
알칸타라핸들커버,5,2,6,0,21,2,12,5,33346,833
코스트코모짜렐라치즈,0,5,17,3,24,4,12,0,4964,124
자수턱받이,16,14,3,0,15,3,16,6,31210,780
일본샤워타올,1,3,12,2,25,1,11,3,26820,670
핸드워시디스펜서,4,4,13,1,5,5,22,8,26869,671
극세사로브,3,6,1,0,32,1,6,1,4166,104
콩쿨드레스,8,14,15,0,30,5,4,1,3474,86
강아지욕조,10,3,3,0,17,6,13,4,11993,299
애견욕조,10,3,3,0,17,6,13,4,11993,299
아베다샴푸,2,1,8,7,14,6,15,5,16531,413
핑크원더호호바오일,7,6,6,20,37,2,1,0,705,17
킥보드악세사리,5,4,2,2,22,5,9,4,11099,277
아이브앨범포카,5,11,11,5,38,1,1,0,382,9
IK폼프로2,2,3,2,3,34,0,6,0,2531,63
식권도장,4,5,18,3,14,3,16,7,70329,1758
양키캔들워머,1,5,6,0,13,1,12,14,97129,2428
신아김치,13,0,27,0,13,4,10,13,82010,2050
다이어트식판,6,11,7,2,13,7,12,8,44954,1123
나트랑렌트카,12,2,15,11,40,0,0,0,128,3
다마고치썸,4,1,11,7,34,0,5,1,3160,79
아이언그립,4,5,8,0,24,2,12,2,8547,213
삼성청소기먼지봉투,2,7,19,7,5,3,26,6,18916,472
반스체커보드슬립온,0,1,9,1,26,5,9,0,4332,108
건초,2,5,5,1,13,11,12,4,11696,292
열선시트,6,14,10,4,18,3,14,5,12112,302
토슈즈,0,7,3,0,22,6,11,1,6579,164
하이퍼쉴드,1,1,8,3,27,5,6,2,11370,284
샤오미기화식가습기,10,0,10,16,31,3,6,0,2293,57
달항아리그림,4,2,7,0,27,2,11,0,4304,107
맷돌,0,0,2,0,39,0,1,0,658,16
노스필등유통,5,4,8,23,34,2,3,1,4062,101
슈에무라아이브로우,11,7,13,7,22,3,12,3,14293,357
깨절구,0,1,9,1,27,3,6,4,11312,282
이대명과전병,3,0,23,9,24,2,13,1,8442,211
아기발레복,7,13,16,0,17,4,16,3,12639,315
노스필기름통,3,3,9,16,27,2,7,4,16659,416
갤럭시스마트태그2,1,0,6,32,34,1,5,0,2004,50
갤럭시태그2,1,0,7,31,34,1,5,0,2009,50
코베아토치,0,0,6,0,22,4,12,2,11400,285
가제수건,2,5,8,3,7,3,17,13,69157,1728
애견미용테이블,6,8,0,0,28,2,9,1,4642,116
완력기,0,1,2,0,20,8,9,3,11169,279
셀프성장동영상,19,5,1,0,27,5,7,1,9587,239
BACHA커피,25,3,7,5,34,3,3,0,994,24
홍콩유심,1,3,21,15,9,4,17,10,80178,2004
삼성스마트태그2,1,0,9,29,34,1,5,0,2016,50
알뜨랑비누,0,1,9,27,10,6,13,11,46465,1161
가슴운동,0,2,2,0,34,0,5,1,4980,124
시밀레프리티3,8,1,17,6,31,4,4,1,8006,200
낚시대거치대,8,9,16,6,11,7,19,3,13421,335
어싱테스트기,3,3,2,3,37,2,1,0,440,11
열빙어,1,4,16,19,7,4,17,12,71006,1775
마체테,2,1,9,0,33,2,5,0,1866,46
EMIS가방,3,4,22,1,32,4,4,0,1712,42
개구리연못,2,0,1,6,39,1,0,0,95,2
장듀보라귀올,3,1,10,0,22,4,14,0,5009,125
배추우거지,3,11,18,8,16,4,16,4,12727,318
전국농수산간장게장,2,1,5,32,36,2,1,1,2232,55
소반,5,2,3,3,28,4,8,0,3780,94
포터필터,4,5,27,1,10,6,20,4,15768,394
적옥토,0,1,4,1,28,5,7,0,2618,65
사운드바브라켓,8,3,18,11,25,5,9,1,6130,153
크레모아캡온,0,0,8,6,21,6,8,5,18504,462
솔텍테크2,3,0,6,1,36,1,3,0,1184,29
여아경량패딩,6,3,29,0,35,2,2,1,2425,60
하리오드리퍼,1,1,10,2,20,6,12,2,9996,249
피쉬볼,0,2,5,4,24,5,7,4,31034,775
CJ기프트카드,3,2,22,11,25,5,7,3,8623,215
광선검,5,3,3,0,28,5,6,1,3994,99
템파보드,8,9,12,2,32,1,5,2,9357,233
슬리브압착기,0,1,7,1,33,1,6,0,1917,47
주방타일셀프,3,8,9,0,27,1,11,1,8103,202
캐치맙밀대,0,1,8,4,19,4,14,3,19171,479
포그내슬링,3,8,2,25,25,4,10,1,6177,154
고양이양치,13,13,8,6,20,5,12,3,12113,302
뻥뚜러,0,1,1,1,34,0,5,1,3661,91
밀레도어락,1,1,8,14,14,10,16,0,5110,127
골전도스피커,16,0,3,21,38,1,1,0,428,10
화이트생리대,0,1,4,9,2,0,22,16,65426,1635
트라이탄보틀,2,6,15,5,3,6,16,15,71694,1792
모듬조개,9,7,16,8,18,2,13,7,66686,1667
합격엿,1,6,2,1,18,8,13,1,8209,205
아트시스,0,0,26,0,13,4,16,7,24814,620
수영킥판,9,0,5,0,30,2,6,2,5929,148
스타벅스아메리카노,2,0,0,9,7,2,17,14,172407,4310
커클랜드단백질바,3,4,19,10,18,4,14,4,27273,681
커클랜드프로틴바,3,3,19,11,19,4,13,4,27134,678
축구필드장갑,1,8,28,1,19,7,11,3,9994,249
신세계상품권구매,2,5,2,25,23,3,6,8,42862,1071
SSG상품권,3,6,2,26,22,2,8,8,35865,896
듀라셀건전지,1,1,18,9,9,7,16,8,111079,2776
메쉬수영가방,5,7,9,0,23,4,11,2,7139,178
여행용키트,6,7,1,3,32,3,5,0,2201,55
옥스포드블럭,5,1,5,3,27,6,7,0,3607,90
청란,18,11,11,0,9,11,16,4,13427,335
푸마풋살화,2,4,14,4,38,1,1,0,525,13
러닝장갑,2,2,24,6,20,8,10,2,8142,203
지브리LP,1,5,6,0,35,3,2,0,652,16
유기농양배추즙,6,4,4,5,5,2,12,21,166135,4153
바위굴,8,13,13,6,26,3,6,5,12435,310
미담기프트,4,0,6,0,4,0,4,2,5751,575
아큐첵퍼포마,2,5,14,15,11,5,15,9,29477,736
스탠리빨대,9,6,13,1,21,4,10,5,13018,325
옷정리트레이,5,14,15,5,14,1,13,12,35873,896
록시땅세트,5,0,8,12,24,4,11,1,7005,175
온수매트커버,6,3,5,3,21,2,12,5,16149,403
사조참치,1,2,19,3,15,0,14,11,105588,2639
곤드레,7,9,18,6,6,5,19,10,115806,2895
비오타민,4,1,1,31,31,1,6,2,24928,623
입큰,0,8,2,13,11,7,14,8,29012,725
탄성코트,16,2,7,14,33,0,6,1,3456,86
초등학생시계,7,11,3,1,20,6,9,5,24089,602
필사노트,6,9,6,3,23,2,11,4,13919,347
인생마스크,10,1,21,7,21,3,10,6,58811,1470
하트빗,6,5,9,19,35,1,3,1,7585,189
펑크린,1,4,17,14,9,5,17,9,50966,1274
질레트쉐이빙젤,2,2,21,7,10,4,16,10,46961,1174
레가리스,0,3,17,14,29,1,7,3,7526,188
창틀건조대,3,3,5,1,29,4,6,1,4081,102
자몽청,10,5,16,6,9,5,17,9,29643,741
우레탄폼건,3,1,11,2,25,5,8,2,8889,222
독특한명함,14,11,15,0,11,7,16,6,61280,1532
유아헤드셋,9,6,15,10,28,0,9,3,16514,412
네임스탬프,2,5,17,1,9,4,14,13,62039,1550
실리콘도마,2,1,13,3,14,5,15,6,25802,645
삼성차량용충전기,4,1,5,6,23,1,15,1,8711,217
쉬크면도날,3,8,10,10,14,7,13,6,23623,590
카람빗,5,6,2,1,34,3,3,0,1483,37
우르오스스킨로션,1,5,15,18,19,6,8,7,39754,993
벨버드배변패드,0,2,15,14,7,6,17,10,185885,4647
슈가버블주방세제,1,0,8,17,14,5,14,7,32829,820
문교오일파스텔,1,2,4,0,28,4,3,5,16495,412
탯줄,18,7,1,0,13,5,19,3,11187,279
땅콩호박,7,3,1,29,39,1,0,0,164,4
미아방지GPS,15,1,0,24,36,3,1,0,495,12
하몽,0,2,4,1,25,7,6,2,7438,185
매트리스청소,25,0,13,2,34,1,5,0,2703,67
뿌리다시마,7,12,13,8,10,3,21,6,30176,754
들기름막국수,1,1,5,2,24,1,12,3,19200,480
강아지일회용신발,9,7,8,0,16,1,17,6,30146,753
백합조개,2,8,19,11,10,5,16,9,65855,1646
위고,3,10,21,0,21,5,9,5,21350,533
질레트쉐이빙폼,1,1,17,5,6,2,20,12,57351,1433
유모차컵홀더,5,4,8,1,13,6,15,6,28987,724
아기샤워기,5,3,4,5,25,4,9,2,13119,327
가정용실링기,1,5,1,0,30,0,6,4,24403,610
여아타이즈,3,22,10,0,12,2,16,10,40440,1011
켐벨포도,8,6,5,21,36,2,2,0,673,16
아이브도무송스티커,11,5,0,13,38,2,0,0,256,6
아이브랜덤박스,12,5,0,16,40,0,0,0,192,4
솔가엽산400,12,7,9,10,30,2,4,4,42115,1052
컨디션스틱,5,6,10,18,29,1,7,3,10340,258
꽈추형토마토주스,10,10,18,2,29,6,5,0,2431,60
어부바아기띠,18,5,1,1,35,0,2,3,9762,244
닌텐도스위치악세사리,1,9,18,7,3,8,23,6,89584,2239
휴대폰망원렌즈,8,13,13,5,27,2,11,0,4175,104
왕리본핀,2,9,15,0,6,2,20,12,37055,926
아기붕붕카,1,0,15,0,25,4,10,1,6085,152
미즈노배구화,3,0,3,1,37,0,3,0,690,17
주니어정장,5,5,18,1,29,1,10,0,3586,89
이유식스파츌라,2,3,4,3,24,3,10,3,23568,589
아이닉에어프라이어,17,0,4,17,31,2,2,5,54325,1358
미스터그린,3,14,12,11,23,4,11,2,14503,362
청양농부방앗간,3,12,2,5,18,2,1,1,1636,74
CFX-G100D,3,4,25,1,2,3,19,16,64128,1603
튜브공기주입기,3,3,9,2,20,5,9,6,12836,320
강아지미용거치대,5,5,1,0,35,0,4,1,2940,73
갤럭시탭A8케이스,0,1,12,2,12,3,20,5,34163,854
노스페이스맨투맨,0,0,4,2,39,0,1,0,501,12
가죽염색약,4,8,9,1,19,3,13,5,35732,893
자동차열선시트,7,15,9,4,16,4,15,5,12523,313
두피마사지기,9,7,8,8,16,2,18,4,50308,1257
하이포닉,0,2,11,2,11,5,12,12,41388,1034
입큰파우더팩트,0,9,2,13,13,7,12,8,28645,716
카니발렌트,22,8,3,7,40,0,0,0,67,1
미즈노사이클론스피드4,1,1,12,3,35,3,2,0,1498,37
이소부탄가스,8,8,18,6,22,4,7,7,30710,767
널리브,6,0,3,30,37,1,2,0,835,20
아이폰15프로맥스필름,0,2,10,4,6,6,21,7,119482,2987
블렌더3D,8,2,2,9,20,5,11,4,14101,352
소토토치,3,2,10,0,22,4,13,1,8587,214
면도경,1,0,4,0,21,6,11,2,5975,149
헤라실키스테이파운데이션,3,6,11,19,32,2,5,1,15761,394
나고야지브리파크예약,0,0,5,18,22,0,1,0,383,16
안동소주일품,3,0,7,25,28,2,8,2,10728,268
오아구강세정기,1,0,2,24,15,5,13,7,51298,1282
운남성보이차,4,2,4,0,25,4,7,4,15315,382
강산연블랙,3,2,10,24,35,1,4,0,1404,35
아라이바람막이,7,11,3,0,34,1,5,0,2070,51
티아시아커리,1,2,15,11,18,1,11,10,87576,2189
포크레인장난감,6,1,18,0,15,5,12,8,23535,588
웰치스,0,2,11,7,10,6,14,10,58860,1471
종가집백김치,4,1,5,26,23,5,10,2,7575,189
주니어축구화,11,5,16,1,27,4,8,1,5949,148
유아책꽂이,3,1,11,0,28,3,5,4,9564,239
아기입욕제,3,6,11,1,8,2,19,11,41213,1030
라탄빨래바구니,3,1,10,1,13,6,16,5,35811,895
유아페이크목폴라,5,10,11,0,17,6,12,5,34160,854
멀티시거잭,0,2,6,1,12,4,15,9,34834,870
지라그라타,1,0,0,1,1,1,0,0,77,38
아그리폼지라그라타그라나파다노,1,0,0,1,1,1,0,0,77,38
말차가루,7,6,15,12,18,1,16,5,23436,585
스파클라,2,9,7,0,23,1,8,8,71745,1793
빌레로이앤보흐와인잔,0,3,4,5,22,6,6,6,28927,723
멸치젓갈,15,11,10,4,21,7,8,4,10669,266
스파크에어컨필터,5,13,17,1,5,7,24,4,15812,395
모래멍,0,1,0,0,30,4,6,0,3757,93
한우육포,10,0,6,1,31,3,5,1,2818,70
오토바이우주복,1,2,2,2,39,1,0,0,313,7
젤로팟,10,3,15,12,28,3,7,2,7767,194
뿔소라,6,6,21,7,4,5,21,10,57627,1440
청개비,7,18,13,2,10,5,18,7,19012,475
크레모아V1040,9,1,19,10,23,8,8,1,5317,132
채우다모1987,1,2,13,23,38,0,2,0,616,15
저스트쉴드,0,0,40,0,11,11,16,2,8255,206
뜰채프레임,0,1,5,0,28,2,9,1,4223,105
포두부,2,3,15,3,12,6,15,7,69637,1740
토종생강,9,7,16,8,20,4,11,5,24061,601
유니클로바디쉐이퍼,8,1,3,7,39,0,1,0,183,4
홀리미코쌍꺼풀레이스,1,2,2,31,26,4,9,1,5385,134
헤모키즈,5,1,12,21,34,1,4,1,31577,789
닥터라인헤모키즈,12,2,10,15,34,1,4,1,31546,788
오이김치,9,4,19,3,14,5,13,8,33949,848
발크림,7,8,14,6,9,4,13,14,54997,1374
예쁜성경책,7,6,3,12,26,5,6,3,7709,192
후지C200,8,6,4,21,30,4,2,4,12607,315
요플레만들기,8,13,14,5,28,3,6,3,8100,202
저온압착들기름,10,9,14,3,3,9,25,3,13660,341
애플수박,13,4,8,15,30,0,8,2,7390,184
골프방한마스크,3,14,12,2,16,4,15,5,43088,1077
실곤약,0,2,2,2,19,2,11,8,31087,777
미니라디에이터,5,10,10,15,22,1,13,4,27903,697
외부여과기,0,1,8,4,22,4,13,1,5647,141
패딩우주복,2,3,13,1,33,3,3,1,3826,95
산리오마스크,7,10,8,12,23,3,12,2,16329,408
모두싹,2,0,10,1,25,6,7,2,6328,158
목포쫀드기,10,6,8,15,28,5,4,3,9846,246
꽃상추,9,4,18,9,19,4,11,6,25395,634
청오이,2,12,13,13,26,5,6,3,7330,183
글루코사민콘드로이친,7,9,15,7,21,6,9,4,16352,408
나이키감마포스,5,1,13,13,33,2,5,0,2713,67
두돌장난감,2,12,26,0,17,4,12,7,20814,520
룰렛판,0,0,3,0,37,1,2,0,782,19
돌출간판,8,4,11,0,22,1,15,2,6771,169
스텐다라이,2,2,8,1,22,5,11,2,8424,210
절임알타리무,11,2,9,6,31,3,6,0,2658,66
겉절이양념,3,5,5,1,22,4,9,5,13262,331
에어팟맥스케이스,14,5,15,3,21,2,12,5,21853,546
쪽쪽이클립,3,13,13,7,9,2,16,13,90494,2262
파바빈,3,3,23,9,12,5,21,2,16281,407
호보니치커버,11,2,15,2,34,3,3,0,1242,31
걷기보조기구,4,2,1,1,36,2,1,1,18263,456
축구헤어밴드,1,0,7,2,34,2,2,2,7988,199
애터미치약,8,3,8,18,21,3,8,8,42901,1072
대문도어락,6,2,4,28,38,2,0,0,207,5
하코인두기,1,0,0,0,36,3,1,0,610,15
오돌뼈,1,6,5,4,15,5,11,9,45840,1146
전자파측정기,2,5,2,0,28,4,8,0,3243,81
사각법랑냄비,6,6,5,0,34,0,6,0,2142,53
드라이클리닝세제,11,2,8,17,23,4,12,1,6716,167
한상궁겉절이,1,3,1,35,14,2,13,11,84482,2112
두돌아기장난감,2,10,28,0,15,5,13,7,21062,526
화장실변기막혔을때,4,9,3,2,27,2,6,5,24543,613
등유통,7,6,16,11,23,2,10,5,21780,544
피아노매트,4,5,7,0,24,4,11,1,4312,107
타프팬,6,3,14,7,14,6,13,7,32766,819
무타공수건걸이,0,5,9,0,17,2,20,1,14462,361
건오미자,14,4,18,4,11,2,19,8,20202,505
티에스샴푸,0,0,12,14,12,4,15,9,54004,1350
CEP카프슬리브,0,0,3,0,37,0,3,0,836,20
실론티,1,0,6,1,25,2,12,1,14963,374
표일배,1,1,8,0,33,1,5,1,14168,354
각궁,1,0,4,3,36,2,2,0,719,17
슬리퍼거치대,4,4,11,0,8,5,20,7,30976,774
실내화거치대,6,3,15,1,9,5,17,9,39362,984
못난이명란,3,2,22,13,18,3,13,6,22499,562
제로픽,10,2,21,7,35,1,4,0,1793,44
레가리스LT,2,3,17,11,28,1,7,4,8690,217
로봇물고기,4,4,2,6,33,2,3,2,3611,90
솔체,12,4,1,7,35,1,4,0,2356,58
산초기름,17,0,10,12,19,6,15,0,5532,138
헤라에어리파우더프라이머,5,10,2,22,34,3,2,1,4199,104
간마늘,3,2,20,15,6,4,18,12,56595,1414
고들빼기김치,8,9,14,7,20,5,12,3,15885,397
충전손난로,4,4,5,1,12,5,12,11,32228,805
우수관커버,9,8,6,3,16,5,13,6,39797,994
끌로에향수,3,1,9,22,20,6,8,6,15139,378
피스카스주방가위,1,0,12,10,36,1,3,0,1206,30
딥디크헤어미스트,7,0,19,10,31,1,6,2,4753,118
양갱,4,6,19,5,5,5,20,10,30040,751
비욘드바디오일,7,0,0,29,35,0,5,0,1407,35
브리츠사운드바,1,6,8,4,12,5,14,9,50341,1258
미니핫도그,2,2,5,2,20,7,8,5,17014,425
정관장홍삼원,2,4,9,12,13,1,18,8,28882,722
프리다이빙체험,30,4,6,0,27,5,8,0,2351,58
듀이셀톤업크림,13,2,8,16,36,2,1,1,1784,44
캐리어보호커버,3,12,4,0,25,3,8,4,8034,200
감따는기구,1,0,3,1,32,2,5,1,2234,55
마이비,2,1,6,24,23,7,9,1,4964,124
백패킹테이블,3,4,21,4,13,4,16,7,24865,621
압축봉행거,2,5,4,3,24,5,7,4,18260,456
하루견과류,4,6,13,17,12,5,15,8,43786,1094
슬라이스햄,0,1,8,6,7,5,19,9,35397,884
런닝장갑,2,2,24,6,21,8,9,2,7555,188
차량용커피포트,0,2,2,0,33,2,5,0,1442,36
바이오더마센시비오클렌징워터,0,5,16,11,20,3,9,8,47755,1193
셀프스케일링,4,6,10,1,19,1,13,7,31111,777
드레스대여,17,3,20,0,27,5,8,0,2158,53
깁스방수커버,4,5,7,1,10,9,11,10,49873,1246
부케캔들,17,10,1,0,18,5,14,3,10955,273
100대명산지도,13,10,12,5,29,3,5,3,9533,238
야자수매트,5,3,0,0,34,2,4,0,894,22
웰치스젤리,1,0,3,8,15,10,11,4,37167,929
루이비통가방끈,7,8,25,0,12,4,17,7,29146,728
발찜질팩,4,6,9,4,24,4,6,6,55573,1389
불스원에어컨필터,0,7,7,14,15,5,15,5,40885,1022
국산쥐포,9,6,17,8,6,5,15,14,92110,2302
우레탄창,9,4,27,0,15,8,17,0,4852,121
다이와후에고,5,4,18,8,28,6,6,0,2640,66
삼성노트북충전기,1,3,33,3,12,0,23,5,22788,569
유소년야구화,9,6,6,0,33,2,5,0,1734,43
캄포도마,5,9,9,0,12,4,16,8,52461,1311
그로밋키링,10,20,4,2,22,7,10,1,6524,163
시디즈의자커버,1,2,12,1,21,7,8,4,14537,363
페퍼로니,0,2,7,6,24,2,12,2,9588,239
산소포화도측정기,1,1,7,0,11,5,18,6,25011,625
꼬꼬맘,2,5,2,1,33,1,4,2,3826,95
칸탈로프멜론,12,1,8,7,31,4,4,1,3455,86
테일러메이드골프공,7,5,17,3,29,3,7,1,4127,103
다이슨에어랩파우치,12,7,14,3,11,7,16,6,20605,515
무선프리젠터,3,4,14,3,11,3,22,4,17057,426
포토앨범제작,14,7,13,1,22,3,9,6,39172,979
아이나비후방카메라,5,1,16,12,20,2,13,5,12900,322
테너지05,3,1,2,1,36,2,2,0,1155,28
금목서향수,10,14,14,2,27,3,10,0,2627,65
창문단열필름,9,12,15,4,16,5,12,7,20026,500
라푼젤드레스,2,10,10,1,18,3,11,8,33577,839
강아지짖음방지,4,4,4,2,25,4,9,2,8912,222
메이호7000,3,3,5,2,29,2,7,2,7319,182
레노덤쿠션,19,2,14,4,22,9,8,1,13409,335
발리송나이프,2,9,0,1,31,5,3,1,3449,86
에어랩파우치,12,7,14,3,13,6,15,6,20161,504
발목보조기,7,2,0,1,33,4,3,0,1443,36
먹는알로에,7,7,14,11,16,7,13,4,18297,457
트러플오일,2,9,16,5,14,3,17,6,19024,475
옛날밥상,4,3,7,0,33,0,4,3,11654,291
자동확산소화기,7,3,8,2,22,3,11,4,12867,321
식당벨,2,3,3,0,27,4,6,3,7776,194
풋조이골프장갑,4,5,12,3,12,6,17,5,16675,416
큐라덴칫솔,2,5,7,19,14,1,17,8,41894,1047
코베아아이젠,6,0,1,13,32,0,5,3,15764,394
칠게장,17,3,5,15,33,2,3,2,3484,87
오스람나이트브레이커,6,7,19,8,27,3,7,3,9943,248
방음마이크,7,1,6,3,36,1,3,0,1941,48
견과류바,6,10,8,2,12,7,14,7,34282,857
매운갈비찜,9,3,6,1,20,3,14,3,11583,289
임가네,2,6,17,14,32,3,2,3,14643,366
스부,3,1,9,2,36,0,4,0,1470,36
클라리넷리드,2,0,5,0,29,4,6,1,4377,109
애견미용복,4,0,6,0,37,2,1,0,489,12
닌텐도스위치OLED케이스,2,7,15,3,5,2,28,5,77565,1939
샘표양조간장701,0,0,1,5,14,3,17,6,30913,772
납작복숭아아이스티,10,7,6,17,36,2,2,0,749,18
초등킥보드,3,4,6,0,23,4,10,3,9342,233
스파이더맨거미줄,2,3,1,0,37,2,1,0,633,15
마테차,0,0,1,0,20,5,14,1,6510,162
타코야키팬,0,1,3,0,38,0,2,0,568,14
메주콩,12,5,15,8,18,0,15,7,36168,904
창문단열재,10,10,16,4,21,2,10,7,18344,458
티모시,2,1,5,1,15,10,12,3,10820,270
어성초패드,1,1,14,5,11,2,16,11,56756,1418
주닥,8,0,12,13,26,5,9,0,2141,53
풋샴푸,1,3,11,5,13,6,10,11,57367,1434
팔자주름패치,5,8,12,4,13,3,11,13,36771,919
졸린수모,13,4,14,0,35,3,2,0,1178,29
전기매트커버,5,3,4,4,19,3,14,4,14512,362
야마토야뉴스쿠스쿠,1,2,3,32,33,0,6,1,5546,138
리마인드웨딩촬영,40,0,0,0,24,3,12,1,6271,156
생오리고기,1,8,18,3,6,0,24,10,42227,1055
슈발베타이어,2,0,29,9,10,3,19,8,31645,791
볶음참깨,2,2,27,9,8,5,14,13,53093,1327
돌드레스대여,16,6,18,0,27,7,6,0,2096,52
건망고,5,7,4,2,17,3,17,3,14342,358
알레르망베개솜,1,0,5,16,29,4,7,0,2584,64
알레르망베개,1,0,5,18,29,4,7,0,2584,64
콩잎,8,12,5,2,10,7,19,4,21296,532
마칼디,12,7,18,3,22,8,9,1,12435,310
대형지퍼백,3,7,18,4,8,5,16,11,116675,2916
씨플로제리캔,2,4,13,14,22,3,11,4,18948,473
백설공주옷,0,15,10,1,17,3,11,9,48226,1205
15개월아기장난감,3,6,10,0,31,0,7,2,12918,322
다과상,1,2,2,1,31,4,5,0,3123,78
오이소박이,5,2,17,6,13,5,15,7,32862,821
면보루,4,3,6,0,29,1,5,5,8285,207
한아름상토,2,1,13,6,10,6,17,7,55077,1376
PXG모자,6,3,13,1,33,0,6,1,3841,96
다이와모자,5,1,10,3,33,4,3,0,927,23
메델라유축기,1,1,18,1,18,4,14,4,10312,257
외풍차단비닐,5,8,19,8,14,3,12,11,66696,1667
펜텔그래프1000,8,4,7,4,20,7,8,5,27656,691
폴햄키즈조끼,0,3,3,3,36,2,2,0,904,22
또띠아,0,1,7,2,19,4,10,7,30092,752
옷염색약,7,9,6,0,21,0,12,7,23106,577
슬림카페,7,4,4,24,36,0,3,1,5436,135
유닉스미니고데기,10,9,4,13,28,2,9,1,4817,120
캐스케이드플래티넘,4,7,16,11,25,4,9,2,5566,139
브라인쉬림프,2,14,3,4,15,2,15,8,22458,561
강아지미스트,9,6,14,2,5,4,23,8,29119,727
프로미스쪽쪽이,2,6,2,30,31,2,5,2,34443,861
석류즙,3,2,1,0,1,2,21,16,102322,2558
헤겐젖꼭지,1,0,5,29,25,4,4,7,15629,390
닭가슴살샐러드,7,7,14,9,10,6,16,8,88394,2209
과탄산소다5KG,5,6,7,11,15,4,13,8,56692,1417
강아지가수분해간식,5,0,30,5,11,5,15,9,46950,1173
발포지,3,10,19,6,10,3,20,7,28999,724
글루타치온콜라겐팩,10,2,12,14,34,4,2,0,904,22
방충망교체,5,0,13,3,16,1,9,14,125081,3127
메타퀘스트3스트랩,4,0,29,7,37,2,1,0,621,15
자동손세정기,2,1,11,4,12,6,16,6,16881,422
실리콘공병,16,12,11,1,15,5,14,6,18492,462
6공펀치,2,3,5,2,29,2,5,4,20264,506
엄마딸커플룩,10,12,13,0,27,3,9,1,6018,150
마로렉스압축분무기,1,4,11,4,19,4,14,3,16637,415
꽃보다오징어,0,2,5,1,14,3,16,7,54718,1367
베트남고추가루,3,6,23,7,10,4,20,6,33416,835
베트남고춧가루,3,6,23,7,10,4,20,6,33416,835
설향딸기,13,7,16,4,15,3,13,9,46523,1163
나전칠기보석함,5,2,19,8,25,6,8,1,4286,107
임산부루이보스티,6,12,18,4,9,4,18,9,35387,884
루바,8,3,4,0,29,5,5,1,6477,161
도징컵,3,2,7,1,23,3,14,0,4184,104
킥보드워머,6,7,11,1,26,3,11,0,4112,102
소이캔들,6,6,4,0,5,1,19,15,55970,1399
비비탄권총,1,11,12,7,27,2,9,2,8156,203
플레이도우,0,1,4,2,18,2,18,2,16913,422
미스디올헤어미스트,4,1,10,22,33,1,4,2,4136,103
면도젤,5,5,23,7,14,4,17,5,26981,674
엄마표영어,12,2,8,18,33,1,4,2,4405,110
뉴진스앨범,1,4,19,2,23,4,12,1,7223,180
강아지선글라스,5,6,11,0,19,6,13,2,9215,230
밀로앤개비,0,3,0,3,26,2,9,3,13507,337
밀로앤개비베개,0,2,0,4,24,3,10,3,13748,343
에어팟프로2세대케이스,6,9,10,1,7,5,18,10,41584,1039
SUBU슬리퍼,7,2,12,1,36,0,4,0,1381,34
스부슬리퍼,7,2,13,1,36,0,4,0,1380,34
버박약용샴푸,2,6,20,11,21,8,8,3,20478,511
32인치모니터암,6,7,4,0,8,7,17,8,25884,647
자개보석함,6,3,16,8,24,6,9,1,4448,111
회음부방석,3,5,4,0,21,6,6,7,32211,805
분리형멀티쿠커,9,7,6,11,27,3,9,1,8125,203
노루궁뎅이버섯,20,6,9,5,18,4,14,4,14808,370
아기침대쿠션,4,4,14,2,14,5,13,8,26370,659
소일,1,1,6,2,22,7,8,3,7905,197
카웨코샤프,10,5,8,6,31,4,4,1,3000,75
플루맥스,2,4,21,12,23,3,9,5,12894,322
마루바닥보수,6,3,11,0,16,2,14,8,30666,766
파쉬물주머니,3,1,16,4,19,0,11,10,47151,1178
포카리스웨트500,7,6,12,13,23,3,8,6,31762,794
미니압력밥솥,12,9,14,5,28,4,8,0,2195,54
개량한복원피스,9,3,19,0,32,3,5,0,2029,50
강아지올인원패딩,4,9,8,0,23,3,13,1,5911,147
포르단밤,12,12,13,3,13,7,12,8,71923,1798
차전차피,10,8,18,4,9,5,16,10,98127,2453
자색당근,11,2,3,24,33,1,5,1,3712,92
MSM글루코사민,3,4,10,14,15,2,14,9,96188,2404
구피먹이,4,9,8,6,7,3,18,12,43185,1079
수유원피스,4,2,1,4,23,2,13,2,7475,186
고추기름,4,1,18,7,11,5,21,3,21075,526
SSD250GB,0,1,3,9,7,4,17,12,50030,1250
탈지분유,2,0,13,24,18,8,10,4,10652,266
산토리,0,8,13,9,35,1,1,3,4540,113
언니베개,5,12,9,3,24,3,11,2,12180,304
해피바스비누,3,2,15,13,12,1,17,10,79089,1977
에버크린19KG,7,3,13,16,23,2,11,4,24102,602
아기디딤대,4,0,9,1,17,6,10,7,30963,774
양키캔들워머세트,1,5,7,0,19,0,10,11,86082,2152
쁘띠첼푸딩,1,1,0,4,29,2,9,0,2897,72
베베르엘,11,1,7,16,30,4,6,0,1508,37
레몬즙,0,5,19,12,12,4,18,6,29510,737
부케말리기,17,12,2,0,12,8,14,6,16067,401
닥터페퍼,2,9,12,15,21,4,9,6,44247,1106
포카리스웨트분말,2,8,13,15,16,6,16,2,11564,289
피크닉음료,6,4,6,23,22,3,10,5,24146,603
동원고추참치,3,6,9,14,25,4,6,5,23640,591
초코링,7,5,3,23,27,5,5,3,18189,454
특이한소주잔,15,9,8,0,7,4,20,9,44558,1113
태교동화,2,0,2,4,38,1,1,0,354,8
결혼식식권도장,13,4,7,5,31,1,6,2,18561,464
짐빔하이볼잔,4,8,6,1,28,3,8,1,4033,100
다나음비타민D,6,7,10,6,18,1,11,10,65081,1627
이중커튼레일,0,3,12,3,12,5,15,8,51523,1288
건티슈,6,8,11,8,3,6,22,9,45074,1126
장아찌간장,2,0,5,5,14,6,14,6,19462,486
골프힙색,6,7,6,0,29,4,7,0,2318,57
당면만두,5,7,10,4,6,0,15,19,78646,1966
스튜디오대여,35,4,1,0,14,7,18,1,9423,235
에어소프트건,10,3,23,0,21,2,13,4,10590,264
돌돌이채칼,6,6,2,4,33,4,2,1,3307,82
코피지제거기,9,14,12,3,11,6,14,9,119501,2987
현판제작,5,9,23,0,8,5,13,14,46424,1160
차전자피가루,10,4,21,2,7,5,16,12,91983,2299
다이슨파우치,10,6,16,4,13,4,17,6,21239,530
에어드레서아로마시트,10,10,6,12,24,4,6,6,18189,454
발열팩,4,9,4,0,23,3,14,0,5675,141
인간사료,0,7,28,5,11,3,11,15,78968,1974
칡즙의효능,20,5,6,9,25,3,9,3,13413,335
칡즙효능,20,5,6,9,25,3,9,3,13413,335
칵테일지거,2,9,7,0,18,2,17,3,15104,377
무환수어항,9,0,21,0,22,5,12,1,5447,136
농협고추가루,4,2,14,15,21,8,7,4,16668,416
녹차가루,5,5,16,8,9,3,18,10,47367,1184
반스뮬,0,2,7,2,29,3,7,1,3844,96
9개월아기장난감,5,9,12,0,31,2,7,0,2045,51
설거지통,1,6,4,0,14,4,15,7,32617,815
코링코속눈썹,9,5,4,18,32,2,4,2,11496,287
니들롤러,11,11,8,7,22,2,11,5,34636,865
브라운면도기충전기,8,3,3,25,34,3,3,0,1028,25
칼하트모자,0,1,8,1,34,3,3,0,1237,30
칠게젓,6,3,5,18,25,1,4,3,4846,146
안동소주,2,2,5,10,16,4,13,7,31543,788
크록스퍼슈어,13,9,13,4,29,3,6,2,4831,120
스탠리공구함,0,0,13,0,24,6,8,2,6835,170
자른미역,3,6,16,14,7,3,19,11,77191,1929
와인칠러,2,7,6,0,26,2,10,2,7513,187
살림망,0,0,4,0,23,5,12,0,3211,80
아기돌드레스,11,3,26,0,22,5,13,0,5079,126
제스파,0,0,0,0,1,1,14,24,80600,2015
소토버너,5,0,8,1,24,4,12,0,4028,100
쥬얼아이스,3,6,3,6,32,4,4,0,1698,42
샤오미온습도계,2,6,7,6,24,3,10,3,11919,297
로즈힙퓨레,6,5,16,8,18,4,14,4,22665,566
만보기,3,1,3,0,19,6,13,2,12158,303
아디다스더플백,2,6,14,10,29,4,5,2,4547,113
스탠리송풍기,0,0,1,5,33,2,5,0,1596,39
버츄오캡슐보관함,3,8,10,3,13,4,17,6,32767,819
아이브포토카드,6,15,7,1,34,0,4,2,5470,136
0W30,0,1,7,6,7,2,22,9,33534,838
우레탄완충기,7,16,6,11,34,0,6,0,1843,46
건조기양모볼,5,7,4,0,26,0,10,4,17357,433
도브바디워시,4,1,18,8,14,2,13,11,79044,1976
파바빈콩,6,4,24,4,14,6,18,2,15041,376
프렌치카페커피믹스,3,2,5,15,17,1,7,15,118876,2971
이케아수납장,3,3,34,0,19,7,12,2,8808,220
돼지껍데기,4,7,9,5,7,3,23,7,22751,568
베어파우위니,3,0,2,18,22,0,3,0,1214,48
생칡즙,8,8,8,6,4,4,20,12,81455,2036
냉동가리비,5,7,15,12,16,7,16,1,19189,479
ID221,7,2,12,1,28,3,6,3,9057,226
쟈뎅아워티,2,1,7,2,22,4,11,3,10469,261
스템프제작,9,11,16,2,7,5,18,10,64292,1607
유모차모빌,9,2,7,7,27,4,6,3,6868,171
파카볼펜,9,3,15,12,5,5,24,6,23141,578
동원양반죽,0,1,11,10,14,1,12,13,79890,1997
면도크림,5,5,19,10,16,3,15,6,30862,771
코코도르,0,0,8,1,10,3,10,17,103039,2575
덕화명란,2,3,24,10,19,4,11,6,25090,627
스파우트컵,2,4,12,1,13,7,16,4,15274,381
팔씨름,3,1,0,0,25,4,6,5,40629,1015
탑기어,35,0,0,5,39,0,0,1,1714,42
조르단치약,2,8,6,21,26,2,8,4,13033,325
비욘드바디로션,2,2,6,13,16,3,14,7,29804,745
셀렉스프로핏,2,3,8,27,19,2,14,5,21347,533
로지텍G435,11,6,3,19,35,2,2,1,2743,68
실리콘약병,13,12,6,9,27,1,9,3,13114,327
한일카페트,0,0,24,8,19,1,9,11,34864,871
챔스축구공,14,5,13,0,30,3,7,0,4007,100
귤15KG,21,2,4,13,20,6,13,1,7238,180
아동페이크목폴라,6,8,9,0,18,5,11,6,36744,918
미니벨로가방,3,4,6,6,29,3,8,0,2356,58
젤다아미보,5,2,7,6,30,3,7,0,1943,48
하리오V60,1,1,7,3,27,5,6,2,5826,145
탱글엔젤,8,9,2,16,24,1,9,6,25151,628
남자은반지,9,7,2,0,30,2,8,0,1962,49
아기넥워머,2,12,19,1,13,1,16,10,35652,891
다이슨슈퍼소닉거치대,9,10,11,3,14,2,17,7,23749,593
플랜카드제작,3,6,30,0,9,5,19,7,40669,1016
지퍼백대형,2,7,17,4,5,5,17,13,119077,2976
에그무제한,7,1,20,12,32,4,4,0,2775,69
골프화가방,3,6,10,4,24,5,9,2,6515,162
나이키남자수영복,3,2,24,8,35,2,2,1,3688,92
남자선크림,5,6,11,5,16,3,13,8,18961,474
남자썬크림,4,4,11,3,11,3,16,10,22723,568
고구마빵,14,9,7,10,11,5,20,4,17589,439
유기농비타민D,0,3,9,7,13,4,12,11,60112,1502
질레트면도젤,1,1,30,8,10,8,16,6,28747,718
꼬깔컵,1,13,7,18,12,5,12,11,21799,544
함소아비타민D,7,7,5,18,28,3,4,5,69105,1727
발모제,16,6,6,12,31,5,4,0,1731,43
고기망치,1,0,2,0,33,3,4,0,2143,53
싯업,0,2,1,1,21,4,13,2,10259,256
문턱경사로,3,2,6,3,29,2,7,2,7480,187
8온스종이컵,2,10,15,6,10,3,19,8,135879,3396
파워큐브,8,3,6,11,23,3,7,7,23929,598
바운서대여,8,4,28,0,13,5,12,10,48135,1203
저당고추장,4,1,9,2,24,2,8,6,12696,317
쿤달바디워시,0,0,1,9,7,4,22,7,70505,1762
소형라디에이터,9,11,17,3,29,4,5,2,21858,546
초등시계,7,10,3,1,20,5,10,5,24462,611
무지주선반,6,2,16,0,8,4,15,13,33720,843
당화혈색소측정기,1,3,1,35,40,0,0,0,43,1
롬앤쥬시래스팅틴트,18,3,2,13,31,2,2,5,17897,447
밀푀유나베밀키트,5,4,8,11,22,2,9,7,29505,737
클렌징밤,1,2,1,6,8,3,19,10,45283,1132
강경젓갈,13,6,12,9,10,6,13,11,66377,1659
나이키수영복남자,4,2,23,8,35,2,2,1,3691,92
빼빼주스,18,6,12,1,14,5,16,5,22116,552
그램충전기,3,4,26,7,18,2,19,1,21369,534
다마고치,3,3,7,1,33,1,5,1,3209,80
미사포,12,0,0,0,31,4,5,0,1908,47
미사보,12,0,0,0,31,4,5,0,1866,46
컬쳐랜드상품권,4,2,11,5,14,2,12,12,92861,2321
코닥골드200,12,9,11,6,27,3,5,5,12438,310
피트모스,4,5,8,2,9,4,17,10,102771,2569
스텐설거지통,1,4,5,2,11,5,17,7,33810,845
유아스타킹,1,21,11,0,14,2,14,10,38054,951
이브이히어로즈,14,3,6,2,28,2,9,1,4731,118
반영구재료,6,9,25,0,6,4,23,7,23657,591
돌절구,0,1,5,0,34,0,4,2,4617,115
방진마스크1급,3,3,24,1,9,6,21,4,19417,485
귀후비개,2,10,4,0,11,3,20,6,25215,630
오스카마이어베이컨,2,2,6,17,33,3,3,1,6446,161
요거트젤,0,0,36,0,22,6,12,0,3649,91
현관문걸쇠,2,5,9,0,23,4,10,3,14815,370
폴메디슨비누,4,1,2,29,37,0,3,0,966,24
오랄비전동칫솔,3,2,4,10,12,4,17,7,31380,784
잇츄,1,14,8,6,7,1,13,19,300915,7522
목공본드,1,2,9,4,19,7,11,3,9668,241
스타우브조리도구,3,2,7,4,34,1,1,4,14654,366
고양이창문해먹,6,8,6,0,20,4,11,5,22572,564
감자옹심이,2,5,4,2,18,3,13,6,14726,368
나이키에어리프트,4,9,16,5,20,3,13,4,11540,288
유한펑크린,1,4,16,14,17,3,12,8,26602,665
수제떡갈비,6,4,10,0,15,1,17,7,21854,546
닌텐도스위치파우치,1,8,14,3,5,5,24,6,60454,1511
스탬프제작,10,9,16,3,8,5,17,10,63790,1594
크레모아V600+,6,5,20,7,13,7,15,5,20716,517
파버카스텔색연필,0,1,6,0,28,4,6,2,14108,352
랑콤선크림,4,4,8,14,24,5,6,5,29952,748
소근육발달놀이,1,0,8,1,35,2,2,1,2526,63
발수코팅워셔액,2,4,10,15,8,4,18,10,56204,1405
테팔핸드블렌더,6,1,10,11,31,3,4,2,3904,97
흑초,6,6,9,13,15,3,20,2,17707,442
돋보기안경,6,5,2,0,28,4,7,1,3978,99
땡초,4,7,19,10,9,4,16,11,32589,814
수제햄,0,5,2,2,28,1,8,3,8505,212
백오이,5,10,11,14,16,3,15,6,24089,602
초속경몰탈,3,2,9,1,21,4,11,4,12143,303
홍미노트13프로,7,0,3,30,40,0,0,0,5,0
컨버스키높이,6,9,19,5,26,4,7,3,10462,261
냉동쭈꾸미,3,5,18,14,11,4,15,10,71953,1798
교정젓가락,0,10,10,1,22,3,8,7,25275,631
미니헬스가방,2,7,3,1,34,3,3,0,1013,25
고양이턱드름,13,5,16,5,24,3,9,4,11264,281
하바티치즈,1,1,5,1,34,2,4,0,3419,85
돌가족사진의상,13,14,12,1,17,5,13,5,14121,353
원룸커튼,8,9,23,0,21,2,13,4,21996,549
블랙속눈썹영양제,7,3,9,8,25,5,6,4,17637,440
팝잇게임기,11,5,6,3,33,3,2,2,4748,118
더블하트빨대,4,8,15,13,15,3,12,10,28594,714
산모손목보호대,2,2,15,2,22,3,13,2,12030,300
병원놀이세트,2,5,11,0,24,4,11,1,5162,129
수능엿,1,7,5,1,21,5,11,3,18282,457
브라이덜샤워원피스,3,10,22,0,17,5,17,1,7831,195
틀니세정제,0,0,4,3,16,3,15,6,27264,681
뚝배기인덕션,8,5,18,2,14,3,20,3,13375,334
필리핀바나나칩,6,10,6,18,21,7,8,4,18615,465
은박매트,0,1,3,2,33,2,4,1,2743,68
솔가폴리코사놀,16,4,7,12,29,2,6,3,22393,559
디노테퓨란,11,4,15,10,30,2,7,1,3695,92
레드키위,12,9,17,2,11,3,15,11,26168,654
등산지도,8,10,11,11,29,2,6,3,10021,250
빅토리녹스,1,0,2,0,26,3,10,1,3639,90
소가죽미들부츠,6,5,8,0,29,4,6,1,2983,74
CD리더기,9,8,7,16,36,1,2,1,9984,249
타코야끼만들기,1,2,1,1,38,0,2,0,1066,26
도서상품권,2,0,4,9,10,1,13,16,111107,2777
강아지로션,23,6,3,8,33,1,5,1,3602,90
인덕션곰솥,0,2,19,8,20,5,10,5,19475,486
단소,1,3,2,1,23,5,9,3,8551,213
유닉스고데기,9,7,5,8,20,6,10,4,28010,700
꼬꼬노리,0,5,4,0,27,2,6,5,15244,381
인조잔디화,4,3,7,0,34,3,3,0,1078,26
윌슨테니스공,5,5,27,3,21,8,9,2,6920,173
차량단감,11,7,11,11,25,7,6,2,6391,159
쌀씻는도구,5,5,6,1,25,4,6,5,10498,262
쌈다시마,6,7,13,14,7,5,17,11,46630,1165
현대모비스요소수,4,2,3,29,35,3,0,2,22649,566
볶은땅콩,4,11,12,13,7,2,20,11,53651,1341
참깨1KG,7,3,22,8,8,5,14,13,43128,1078
담은막걸리,11,5,3,17,27,6,4,3,8900,222
잔스포츠슈퍼브레이크,2,1,11,3,30,0,9,1,4863,121
어린이아연,3,4,10,7,6,0,18,16,85663,2141
폴미첼스프레이,6,5,9,12,29,1,5,5,20639,515
샤워기슬라이드바,1,1,8,5,20,5,9,6,22299,557
라떼잔,1,4,10,0,24,3,9,4,13322,333
목카라,3,2,0,0,38,0,1,1,3946,98
버버리손수건,12,4,14,10,35,1,2,2,9701,242
건다시마,2,13,20,5,2,4,21,13,62148,1553
브라이덜샤워소품,15,15,8,0,14,4,17,5,29268,731
백골뱅이제철,17,11,9,3,25,3,4,8,27367,684
요거트만들기,8,10,17,5,20,5,12,3,11543,288
블루투스키보드마우스세트,5,3,21,2,12,5,18,5,18460,461
페더데일동물원,12,0,15,13,35,3,2,0,1334,33
독일가루분쇄기,5,2,1,32,35,4,1,0,649,16
강아지야채간식,5,4,17,3,2,2,20,16,56395,1409
펌핑치약,0,4,8,12,8,3,15,14,57259,1431
레트로밥상,3,3,11,1,27,1,6,6,27594,689
아워패딩조끼,7,8,12,0,33,5,2,0,1685,42
아페쎄에코백,3,1,12,3,34,1,3,2,3989,99
음쓰통,8,5,8,5,18,3,10,9,68538,1713
리유저블컵,7,8,12,1,14,1,18,7,20371,509
포맨트코튼허그,13,9,14,2,33,2,2,3,39566,989
유한크로락스,3,6,9,17,18,4,15,3,14479,361
스타농구공,0,3,5,0,25,3,11,1,6308,157
아기소변기,3,3,9,1,23,1,10,6,17233,430
타자기키보드,16,9,13,2,26,1,11,2,8789,219
곤약쌀,1,0,1,0,14,7,11,8,28885,722
부추,10,5,9,16,15,3,15,7,150394,3759
닥터아토손소독티슈,5,0,16,17,19,4,11,6,27161,679
밀락골드,2,0,7,7,23,2,15,0,5691,142
나잘후레쉬,7,5,9,3,14,6,15,5,17917,447
힐로소피,11,11,0,14,35,1,3,1,2303,57
미니간판,7,7,24,0,8,3,15,14,39422,985
곤약미,1,0,1,1,14,7,10,9,29808,745
레이저포인트,0,1,0,0,9,1,24,6,19579,489
헤라톤업선크림,6,2,11,20,24,1,9,6,42436,1060
시저,1,4,2,24,12,3,13,12,83923,2098
셀프줄눈,9,6,14,2,3,6,18,13,105858,2646
아이보리비누,1,2,12,23,18,2,13,7,39701,992
아기낱말카드,5,9,13,3,22,3,11,4,18505,462
르꽁뜨펌에어브러쉬,0,5,2,33,34,3,3,0,1169,29
어린이전동칫솔,7,2,12,7,13,4,14,9,36611,915
띠부띠부씰앨범,4,15,5,0,16,3,11,10,61914,1547
2024벽걸이달력,5,11,7,2,25,8,5,2,4576,114
환갑토퍼,11,8,15,0,8,1,22,9,40564,1014
똥츄,6,2,1,0,15,5,15,5,20578,514
슬립색,3,1,12,3,26,2,11,1,5647,141
엄마랑벽그림,20,6,2,3,32,1,3,4,18492,462
헬렌스타인이불커버,1,0,0,0,25,7,8,0,2774,69
법복,3,11,6,0,29,6,4,1,3002,75
안동소주가격,2,2,5,10,16,4,13,7,31543,788
온더바디바디워시,0,2,0,3,0,3,15,22,81849,2046
팔굽혀펴기,3,2,7,0,5,7,19,9,40261,1006
그릭요거트제조기,8,6,17,9,21,4,12,3,10443,261
해피트리,12,0,11,17,18,4,14,4,35844,896
일반전화기,7,8,23,0,20,3,14,3,17213,430
나이키러닝장갑,3,2,23,12,25,6,7,2,6731,168
휴대용CD플레이어,14,2,9,4,24,3,13,0,4786,119
히알루론산토너,2,0,5,0,4,3,16,17,89422,2235
맛사지크림,5,6,3,3,11,4,18,7,27667,691
마사지크림,3,6,3,5,11,4,18,7,27625,690
전복장,17,8,9,6,12,5,17,6,21006,525
모던하우스커튼,1,1,8,6,29,1,10,0,3192,79
포켓파이,14,0,14,12,33,3,4,0,2250,56
경광봉,1,1,4,2,27,3,7,3,9528,238
나무이젤,1,1,9,0,23,3,11,3,14720,368
어린이집네임택,9,15,7,0,5,4,19,12,64944,1623
싱잉볼,5,4,0,0,29,3,7,1,4443,111
뷰블레이드F제로,5,3,11,3,33,0,7,0,1702,42
바구니카시트대여,17,8,10,1,29,1,4,2,6055,168
스텐빨래바구니,4,0,2,0,37,0,1,2,9480,237
닌텐도파우치,1,7,14,4,6,5,22,7,77448,1936
나이키짐클럽더플백,5,3,22,10,33,2,5,0,1732,43
바다장어,8,3,24,4,5,2,18,15,52092,1302
아기딸랑이,2,5,13,0,17,2,14,7,31236,780
폰타나올리브유,10,4,1,20,31,0,4,5,15345,383
현미유,3,5,14,11,12,5,19,4,22843,571
아기드레스,7,3,28,1,20,5,14,1,7449,186
로얄캐닌캔,0,2,9,9,7,5,15,13,42509,1062
타요주차타워,5,7,11,3,34,2,4,0,1900,47
다원몬테소리,0,1,26,1,36,3,1,0,519,12
쏘렌토도어커버,3,8,17,12,12,2,20,6,19349,483
크록스겨울,4,7,18,10,30,3,5,2,7367,184
범퍼가드쿠션,4,4,15,4,14,5,12,9,27960,699
토이클리너,2,2,3,3,18,5,16,1,7694,192
발효율피,6,1,9,14,21,3,15,1,11578,289
용접안경,0,0,3,1,28,6,6,0,2247,56
시져,1,4,1,24,13,3,13,11,82689,2067
머루포도,7,5,10,18,36,0,4,0,911,22
자동차에어컨냄새,2,10,12,3,9,0,18,13,57337,1433
하리보젤리,2,1,8,7,24,4,11,1,6994,174
아귀찜,15,11,8,4,18,8,10,4,10403,260
암웨이공기청정기필터,5,3,22,4,14,5,15,6,21177,529
죽염치약,4,1,9,13,11,2,14,13,80886,2022
룸앤티비가방,7,3,13,17,27,6,5,2,7615,190
3중방한커튼,2,2,12,12,25,3,10,2,13279,331
전동와인오프너,3,3,4,1,14,3,17,6,21160,529
점수판,0,0,0,0,37,1,2,0,814,20
디월트호환배터리,13,4,8,9,34,1,5,0,2284,57
초유밀,4,0,3,28,26,5,7,2,5470,136
폴리보이,6,0,9,23,29,1,9,1,6445,161
티각태각,3,7,5,2,18,5,9,8,62767,1569
삼각김밥김,2,0,4,28,11,5,14,10,52256,1306
빨아쓰는행주,0,0,19,10,6,5,20,9,25281,632
문배주,0,0,7,28,28,2,10,0,4367,109
손질전복,10,9,16,5,17,7,13,3,11641,291
레벨기거치대,3,0,8,1,29,5,6,0,1605,40
일회용수건,3,3,9,1,16,4,17,3,18917,472
청진기,0,1,0,0,34,1,4,1,3256,81
헤라비누,7,10,9,11,11,3,21,5,25823,645
전자레인지팝콘,0,0,6,3,17,6,11,6,16223,405
토마토소스,1,1,18,4,6,2,21,11,45910,1147
방수방한화,7,10,10,0,23,3,12,2,10902,272
서울우유연유,1,3,8,3,28,4,6,2,8800,220
프롬더스킨글루타치온,5,0,13,21,34,4,2,0,862,21
반스어센틱뮬,0,0,9,3,25,6,7,2,6073,151
앉은뱅이저울,4,2,6,0,32,1,6,1,4062,101
볶은콩가루,1,7,16,14,4,3,17,16,154947,3873
더덕,14,10,12,4,9,4,16,11,38759,968
붙이는화이트보드,3,20,14,3,13,1,12,14,55172,1379
유리티팟,3,11,12,1,14,3,18,5,41689,1042
아기신발장,4,2,12,1,26,3,6,5,11769,294
아이브마인앨범,0,4,26,0,30,4,6,0,2280,57
납작만두,5,8,7,3,17,3,10,10,50227,1255
스텐음식물쓰레기통,3,1,7,3,13,5,13,9,29072,726
깔깔이바,1,1,6,0,20,3,12,5,18725,468
캠핑변기,2,6,6,2,13,2,20,5,16835,420
하이비젖병솔,1,1,8,1,25,3,5,7,79865,1996
레드비트즙,2,4,6,4,4,3,19,14,75056,1876
녹두가격,6,3,20,11,9,1,21,9,32755,818
비트주스,11,10,8,8,27,1,8,4,16829,420
돌아기장난감,4,13,19,0,13,4,15,8,20837,520
착화제,6,6,16,6,10,3,21,6,31703,792
포토월,3,1,3,2,35,1,4,0,1113,27
킥보드장갑,5,6,13,1,18,4,16,2,8833,220
나이키리유저블쇼핑백,7,6,17,3,16,6,10,8,29943,748
윌,3,3,10,20,18,3,8,11,108300,2707
도리명가,2,0,4,2,5,1,1,1,1917,239
산모패드,1,2,6,4,32,1,4,3,15092,377
빅퍼스5A,6,4,3,2,31,3,4,2,5652,141
NBA유니폼,1,4,5,0,37,0,3,0,843,21
보일러온도조절기,8,3,8,19,23,3,14,0,4933,123
포맨트향수,9,14,9,5,31,2,4,3,41016,1025
뉴케어미니구수한맛,8,5,12,14,22,2,10,6,63853,1596
샤파연필깎이,0,2,2,4,26,2,8,4,12039,300
늘보리압맥,0,0,23,17,8,5,17,10,43981,1099
수초조명,0,3,12,0,20,4,12,4,13606,340
쑥뜸,2,1,2,0,15,7,15,3,14252,356
베이비오일,2,0,2,9,7,0,20,13,44348,1108
삼각김밥틀,4,4,8,0,26,8,3,3,8456,211
브리타,6,5,12,10,21,3,9,7,51672,1291
EMIS모자,1,2,23,3,31,2,7,0,2452,61
소독티슈,4,4,22,5,9,6,20,5,22394,559
신점,23,7,10,0,7,5,21,7,23186,579
존테스350D,19,1,7,4,40,0,0,0,62,1
어린이손목시계,6,9,4,3,16,7,12,5,27083,677
자석시트지,18,7,6,9,30,0,6,4,17619,440
펠트바구니,3,4,10,0,27,3,7,3,12755,318
트위스비에코,1,9,17,13,31,3,5,1,7316,182
번데기,8,2,11,13,18,0,12,10,43002,1075
아동학대,4,3,1,23,39,1,0,0,59,1
중국보이차,8,0,2,0,31,4,4,1,4261,106
장미바리깡,5,7,19,9,28,6,6,0,2376,59
레이져포인트,0,1,0,0,9,1,24,6,19579,489
스피룰리나,6,5,7,7,13,6,15,6,39698,992
튀김쥐포,3,5,24,8,1,6,14,19,102988,2574
인간화환,22,15,2,1,8,2,17,13,120052,3001
블루보넷마그네슘,7,10,13,9,26,3,10,1,13516,337
빅사이즈슬립,9,15,15,1,21,0,13,6,26142,653
라면기,2,2,5,0,18,2,16,4,23033,575
네츄레메디,8,0,12,10,28,4,5,3,14948,373
화물차후방카메라,5,3,11,20,29,2,6,3,6569,164
포고플,23,6,8,3,33,2,2,3,7168,179
치코아기비데,5,1,10,1,31,5,3,1,3695,92
유기농레몬즙,1,3,13,23,25,4,9,2,8309,207
거리측정기케이스,3,5,5,1,27,4,8,1,3788,94
푸쉬팝게임기,8,5,6,3,34,2,2,2,4670,116
이유식저울,4,2,14,0,15,4,12,9,42117,1052
시라쿠스접시,1,7,22,0,11,4,19,6,27816,695
초코파우더,1,1,5,3,16,9,15,0,4732,118
베타인살리실레이트바디워시,6,8,3,22,38,0,1,1,11199,279
졸리점퍼,7,10,10,3,24,1,8,7,45840,1146
냉동두리안,7,5,14,14,16,5,12,7,40605,1015
샘트라이크100,7,2,10,13,26,5,8,1,5027,125
안동생강,6,12,8,14,29,1,9,1,8319,207
청귤청,8,5,23,3,8,2,18,12,72156,1803
화과방,0,0,14,9,19,2,12,7,23119,577
보청기가격비교,9,2,3,1,20,5,12,3,25732,643
보청기가격,9,2,3,1,21,6,10,3,25130,628
2024년벽걸이달력,4,8,5,2,27,6,5,2,4349,108
덴비,7,6,14,0,20,3,17,0,4109,102
비비안스타킹,3,6,13,3,21,0,14,5,38050,951
발도르프,11,4,12,1,26,2,9,3,9420,235
웨딩속바지,1,5,5,1,30,2,3,5,19433,485
데이지체인,1,4,7,2,9,4,23,4,22849,571
간판제작,7,7,22,2,10,2,12,16,53418,1335
아기머플러,6,13,14,1,17,2,12,9,27624,690
스노우보드보호대,3,1,7,3,22,4,11,3,16426,410
자가진단키트,1,2,8,1,12,1,16,11,54818,1370
테이크아웃컵홀더,2,2,20,2,11,2,15,12,37668,941
쌀국수컵라면,4,2,13,10,17,2,12,9,35607,890
레드비트,8,4,23,5,7,3,18,12,104264,2606
얇은핸들커버,7,6,3,2,29,3,5,3,14531,363
키즈프로폴리스,10,6,11,3,13,3,18,6,17534,438
에버넷도어락,0,7,9,8,16,5,15,4,15326,383
눈썹펜슬,4,6,15,8,8,3,17,12,39567,989
COC악력기,3,0,2,3,37,1,1,1,3642,91
비비탄저격총,12,3,3,4,33,2,5,0,1975,49
축구공가방,2,4,4,0,26,3,10,1,5998,149
1급방진마스크,3,3,25,1,8,7,21,4,19282,482
하이볼얼음틀,3,9,9,1,11,3,12,14,91941,2298
탈리스만안개등,0,1,4,23,37,2,1,0,525,13
아누아어성초패드,5,6,17,9,33,1,3,3,24489,612
포도당캔디,7,6,12,11,9,4,17,10,51863,1296
변기필밸브,1,6,16,3,16,6,11,7,25699,642
페페로니,0,1,7,6,24,2,12,2,9578,239
크롬캐스트3,7,0,3,28,33,1,2,4,17646,441
뻐꾸기시계,3,1,2,0,38,0,1,1,2228,55
USB온열담요,12,9,10,8,27,10,3,0,2742,68
입생로랑쿠션리필,0,2,24,9,29,1,7,3,15622,390
볼풀장,0,2,2,0,22,0,14,4,14022,350
극손상헤어팩,12,6,10,6,14,4,14,8,35929,898
셀프줄눈시공,8,7,13,2,7,5,15,13,109679,2741
